10001	01A
10003	03A
10004	04A
10005	05A
10006	06A
10007	07A
10008	08A
10009	09A
10010	1B1
10011	1G4
10012	1N7
16429	6B0
10013	8F3
10014	A01
10015	A02
10016	A03
10017	A04
10018	A05
10019	A06
10020	A07
10021	A08
10022	A09
10024	A11
10025	A12
10026	A13
10027	A14
10028	A15
10029	A16
10030	A17
10031	A18
10032	A19
10033	A20
10034	A21
10035	A22
10036	A23
10037	A24
10038	A25
10039	A26
10040	A27
10041	A28
10042	A29
10043	A30
10044	A31
10047	A34
11828	A35
10049	A36
10050	A37
10051	A38
10052	A39
10053	A40
10054	A41
10055	A42
10056	A43
10058	A45
10059	A46
10060	A47
10061	A48
10062	A49
10063	A50
10064	A51
10065	A52
10066	A53
10067	A54
10069	A56
10070	A57
10071	A58
10072	A59
10074	A61
10075	A62
10076	A63
10078	A65
10079	A66
10080	A67
10082	A69
10083	A70
10084	A71
10085	A72
10086	A73
10087	A74
10088	A75
10089	A76
10090	A77
10091	A78
10092	A79
10093	A80
10094	A81
10095	A82
10096	A83
10097	A84
10098	A85
10100	A87
10102	A89
10103	A90
10104	A91
10105	A92
10106	A93
10107	A94
10108	A95
10109	A96
10110	A97
10111	A98
10112	A99
10113	AA1
10116	AA4
10117	AA5
16472	AA7
11381	AA8
10122	AAF
10135	ABE
10136	ABI
10139	ABL
10140	ABQ
10141	ABR
10146	ABY
10149	ACB
10154	ACK
10155	ACT
10157	ACV
10158	ACY
10165	ADK
10167	ADM
10170	ADQ
10171	ADS
16426	ADT
10172	ADW
10176	AED
10184	AET
10185	AEX
10189	AFF
10190	AFK
10191	AFO
10192	AFP
10194	AFW
10198	AGC
10204	AGN
10208	AGS
10215	AHD
10216	AHN
10219	AHT
10221	AIA
10222	AIB
10223	AID
10224	AIK
10225	AIN
10227	AIY
10228	AIZ
16489	AK1
16490	AK2
16505	AK3
16508	AK4
10237	AKB
10238	AKC
10241	AKI
10243	AKK
10245	AKN
10246	AKO
10247	AKP
10253	AL1
10254	AL2
10255	AL3
16423	AL4
16455	AL5
16497	AL6
10257	ALB
10259	ALE
10263	ALI
10266	ALM
10267	ALN
10268	ALO
10272	ALS
10275	ALW
10276	ALX
10278	ALZ
10279	AMA
10285	AMK
10288	AMN
10294	AMW
10297	ANA
10298	ANB
10299	ANC
10300	AND
10304	ANI
10307	ANN
10309	ANP
10313	ANV
10317	AOH
10322	AOO
10324	AOS
10325	APA
10327	APC
10329	APF
10330	APG
10333	APN
10336	APT
10337	APV
10344	AQY
10345	AR1
10346	AR2
10347	ARA
10348	ARB
10349	ARC
10351	ARE
10352	ARG
10361	ART
10363	ARV
10365	ARX
10372	ASE
10374	ASH
10378	ASL
10380	ASN
10383	ASQ
10385	AST
10388	ASX
10389	ASY
10393	ATE
10396	ATK
10397	ATL
10400	ATO
10404	ATS
10405	ATT
10406	ATU
10408	ATW
10409	ATY
10414	AUG
10416	AUK
10417	AUM
10418	AUN
10419	AUO
10423	AUS
16440	AUS
10424	AUW
10427	AUZ
10431	AVL
10433	AVO
10434	AVP
10436	AVW
10437	AVX
10439	AWK
10440	AWM
10442	AWX
10445	AXB
10449	AXN
10451	AXS
10454	AXV
10455	AXX
10460	AYS
10463	AZ1
10464	AZ2
10465	AZ3
16451	AZ4
16561	AZ5
10466	AZA
10469	AZO
10471	B19
10472	B21
10474	BAB
10476	BAD
10478	BAF
10821	BAL
10484	BAM
10487	BAR
10494	BBC
10495	BBF
10504	BBX
10508	BCB
10509	BCC
10511	BCE
10514	BCJ
10518	BCS
10519	BCT
10523	BDE
10524	BDG
10529	BDL
10535	BDR
10538	BDY
16473	BEC
10540	BED
10543	BEH
10551	BET
10556	BFB
10557	BFD
10558	BFF
10559	BFI
10560	BFK
10561	BFL
10562	BFM
10565	BFP
10567	BFR
10569	BFT
10572	BGD
10573	BGE
10577	BGM
10580	BGQ
10581	BGR
10582	BGS
10583	BGT
10589	BHB
10590	BHC
10599	BHM
10612	BIC
10613	BID
10614	BIE
10615	BIF
10616	BIG
10617	BIH
10620	BIL
10627	BIS
10629	BIX
10630	BJC
10631	BJI
10632	BJJ
10640	BKC
10641	BKE
10642	BKF
10643	BKG
10644	BKH
10647	BKL
10654	BKW
10655	BKX
10661	BLD
10663	BLF
10665	BLH
10666	BLI
10670	BLM
10676	BLV
10680	BMC
10683	BMG
10685	BMI
10687	BML
10692	BMX
10693	BNA
10697	BNF
10698	BNG
10701	BNL
10703	BNO
10713	BOI
10715	BOK
10721	BOS
10722	BOW
16521	BPI
10728	BPT
10731	BQK
10732	BQN
10735	BQV
10739	BRD
10741	BRG
10744	BRL
10747	BRO
10754	BRW
10756	BRY
10423	BSM
10763	BSM
10765	BSQ
10769	BSW
10770	BSZ
10775	BTI
10778	BTL
10779	BTM
10780	BTP
10781	BTR
10783	BTT
10785	BTV
10786	BTY
10792	BUF
10796	BUM
10800	BUR
10809	BVD
10811	BVO
10812	BVR
16390	BVU
10814	BVX
10815	BVY
10817	BWD
10819	BWG
10821	BWI
10823	BWM
10825	BWS
10828	BXC
10832	BXS
10834	BYA
10837	BYG
10838	BYH
10839	BYI
10844	BYW
10849	BZN
10852	BZS
10853	BZT
10857	C01
10858	C02
16517	CA6
10867	CAD
10868	CAE
10874	CAK
10879	CAR
10886	CBA
10888	CBE
10889	CBF
10892	CBK
10894	CBM
10910	CCR
10915	CCY
10917	CDB
10918	CDC
10921	CDH
10923	CDL
10924	CDN
10925	CDR
10926	CDV
10927	CDW
10928	CEA
10930	CEC
10933	CEF
10938	CEM
10945	CEU
10946	CEV
10947	CEW
10948	CEX
10949	CEY
10950	CEZ
10951	CFA
10958	CFT
10960	CFV
10961	CGA
10964	CGE
10965	CGF
10967	CGI
10975	CGS
10977	CGX
10979	CGZ
10980	CHA
10982	CHD
10986	CHI
10987	CHL
10990	CHO
10991	CHP
10994	CHS
10996	CHU
10999	CHZ
11001	CIB
11002	CIC
11003	CID
11004	CIG
11007	CIK
11008	CIL
11009	CIN
11011	CIR
11013	CIU
11014	CIV
11021	CJI
14371	CJR
11026	CJW
11027	CKB
11028	CKD
11029	CKE
11031	CKM
11034	CKU
11035	CKV
11036	CKX
11040	CLC
11041	CLD
11042	CLE
11043	CLF
11044	CLG
11046	CLI
11048	CLK
11049	CLL
11050	CLM
11053	CLP
11055	CLR
11056	CLS
11057	CLT
11058	CLU
11066	CMH
11067	CMI
11076	CMX
11081	CNE
11083	CNK
11085	CNM
11086	CNO
11090	CNW
11092	CNY
11093	CO3
11095	COA
11097	COD
11098	COE
11099	COF
11105	COM
11106	CON
11109	COS
11110	COT
11111	COU
11122	CPR
11123	CPS
11126	CPX
11128	CQL
11130	CQW
12370	CRC
11135	CRE
11136	CRG
11140	CRP
11143	CRS
11146	CRW
11147	CRX
11149	CSE
11150	CSG
11152	CSM
11153	CSN
11154	CSP
11158	CSU
11159	CSV
16441	CT1
16495	CT2
11162	CTB
11165	CTH
11169	CTO
11173	CTW
11174	CTX
11175	CTY
16538	CTZ
11176	CUB
11188	CUW
11191	CVA
11193	CVG
11197	CVN
11198	CVO
11200	CVS
11202	CVX
11203	CWA
15825	CWF
11207	CWI
11209	CWS
11213	CXC
11214	CXF
11218	CXL
11219	CXO
11227	CYF
11230	CYM
11233	CYS
11234	CYT
11238	CZC
11241	CZF
11245	CZN
11246	CZO
11247	CZP
11252	DAB
11257	DAG
11259	DAL
11261	DAN
11267	DAY
11272	DBN
11274	DBQ
11278	DCA
11280	DCK
11282	DCU
11283	DDC
11284	DDP
16520	DE2
11288	DEC
11289	DEH
11292	DEN
11295	DET
11297	DFI
11298	DFW
11299	DGB
11303	DGW
11308	DHN
11309	DHT
11315	DIK
11317	DIO
11327	DJN
11331	DKK
11335	DLF
11336	DLG
11337	DLH
11339	DLL
11341	DLO
11342	DLS
11344	DMA
11348	DMN
11349	DMO
11353	DNC
11355	DNE
11358	DNL
11359	DNN
11363	DNV
11367	DOF
11375	DOV
11376	DPA
11377	DPG
11383	DQC
11384	DQD
11385	DQE
10466	DQF
11387	DQG
11388	DQH
11389	DQI
11390	DQJ
11391	DQK
11392	DQL
11394	DQN
11395	DQO
11396	DQP
11397	DQQ
11398	DQR
11399	DQS
11401	DQU
11402	DQV
11403	DQW
11404	DQX
11405	DQY
11406	DQZ
11407	DRA
11409	DRE
11410	DRF
11411	DRG
11413	DRO
11415	DRT
11416	DRU
11421	DSI
11423	DSM
11424	DTA
11425	DTH
11427	DTL
11429	DTN
11430	DTO
11431	DTR
11432	DTT
11433	DTW
11434	DUA
11436	DUC
11439	DUF
11440	DUG
11441	DUJ
11445	DUT
11447	DVL
11448	DVN
11450	DVT
11452	DWA
11453	DWH
11454	DWS
11456	DXR
11459	DYS
11463	EAA
11464	EAG
11467	EAN
11468	EAR
11470	EAT
11471	EAU
11478	ECA
11479	ECG
11481	ECP
11482	ECS
11483	ECU
11484	EDA
11486	EDE
11487	EDF
11490	EDW
11491	EED
11492	EEK
11493	EEN
11494	EFB
11495	EFD
11496	EFK
11501	EGA
11503	EGE
11504	EGI
11506	EGP
11508	EGT
11510	EGV
11511	EGX
11512	EHM
11513	EHR
11514	EHT
11517	EIL
11522	EKA
11523	EKI
11524	EKN
11525	EKO
11526	EKX
11527	EKY
11528	ELA
11531	ELD
11535	ELI
11537	ELM
11538	ELN
11540	ELP
11545	ELV
11546	ELW
11547	ELY
11550	EMK
11551	EMM
11553	EMP
11554	EMT
11555	ENA
11557	END
11558	ENL
11559	ENN
11563	ENV
11564	ENW
11566	EOK
11567	EPH
11577	ERI
11582	ERV
11587	ESC
11588	ESD
11590	ESF
11592	ESN
11593	ESP
11597	ETN
11598	ETS
11601	EUE
11602	EUF
11603	EUG
11606	EVC
11609	EVM
11612	EVV
11613	EVW
11615	EWB
11616	EWK
11617	EWN
11618	EWR
11619	EXI
11624	EYW
11627	F70
11630	FAI
11631	FAJ
11632	FAK
11633	FAL
11634	FAM
11637	FAR
11638	FAT
11639	FAU
11641	FAY
11642	FBG
11643	FBK
11645	FBR
11646	FBS
11648	FCA
11649	FCH
11650	FCM
11652	FCS
11656	FDK
11657	FDR
11659	FDY
11662	FEP
11663	FET
11664	FEW
11667	FFM
11668	FFO
11669	FFT
16363	FHB
11673	FHU
11674	FIC
11675	FID
11677	FIL
11684	FKL
11686	FL1
11687	FL2
11688	FL3
11689	FL4
11690	FL5
16534	FL6
11693	FLD
11695	FLG
11696	FLJ
11697	FLL
11699	FLO
11702	FLT
11703	FLU
11704	FLV
11706	FLX
11708	FMC
11709	FMH
11711	FMN
11713	FMS
11714	FMY
11719	FNL
11720	FNR
11721	FNT
11786	FOA
11723	FOB
11725	FOD
11726	FOE
11728	FOK
11732	FPR
11733	FPY
11734	FQA
11735	FQB
11736	FQC
11737	FQD
11738	FQE
11739	FQF
11740	FQG
11741	FQH
11742	FQI
11743	FQJ
11744	FQK
11745	FQL
11747	FQN
11748	FQO
11749	FQP
11750	FQQ
11751	FQR
11754	FQU
11755	FQV
11756	FQW
11757	FQX
11758	FQY
11762	FRD
11764	FRG
11766	FRM
11768	FRP
11769	FRR
11773	FRY
11775	FSD
11776	FSI
11777	FSK
11778	FSM
11780	FST
11782	FTC
11784	FTG
11785	FTK
11786	FTL
11789	FTW
11790	FTY
11794	FUL
11797	FVA
11800	FVD
11801	FVE
11803	FVG
11804	FVH
11805	FVI
11389	FVL
11809	FVM
11810	FVN
11811	FVO
11812	FVP
11813	FVQ
11814	FVR
11815	FVS
11818	FVV
11819	FVW
11820	FVX
11821	FVY
11822	FVZ
11823	FWA
11824	FWH
11825	FWL
11826	FWS
11827	FXE
11828	FXM
11830	FXR
11831	FXY
11833	FYU
11834	FYV
11836	GA1
11837	GA2
11838	GA3
16474	GA4
11840	GAD
11842	GAI
11844	GAL
11845	GAM
11855	GBA
11856	GBD
11858	GBG
11859	GBH
11862	GBR
11865	GCC
11867	GCK
11869	GCN
11870	GCY
11871	GDC
11873	GDH
11875	GDM
11879	GDV
11880	GDW
11883	GED
11884	GEG
11885	GEK
11893	GEY
11894	GEZ
11895	GFA
11896	GFB
11898	GFK
11899	GFL
11904	GGE
11905	GGG
11908	GGW
11921	GJT
11924	GKN
11929	GLD
11931	GLH
11937	GLQ
11938	GLR
11939	GLS
11941	GLV
11942	GLW
11946	GMT
11947	GMU
11952	GNU
11953	GNV
11959	GOL
11961	GON
11971	GPM
11973	GPT
11974	GPZ
11975	GQQ
11977	GRB
11978	GRD
11979	GRF
11980	GRI
11982	GRK
11986	GRR
11992	GSB
11994	GSH
11995	GSO
11996	GSP
11997	GST
11999	GSW
12003	GTF
12007	GTR
12008	GTU
12012	GUC
16422	GUF
12016	GUM
12018	GUP
12021	GUS
12024	GUY
12027	GVE
12028	GVL
12029	GVQ
12031	GVT
12032	GVW
12040	GWI
12039	GWO
12040	GWR
12041	GWS
12054	GYR
12055	GYY
12058	HAB
12061	HAE
12062	HAF
12068	HAO
12070	HAR
12074	HAY
12076	HBC
12078	HBG
12079	HBH
12083	HBV
12084	HBY
12085	HCA
12086	HCB
12087	HCR
11130	HCW
12088	HDA
12092	HDH
12094	HDN
12098	HED
12103	HES
12106	HEZ
12108	HFD
12110	HFF
12119	HGR
12122	HGZ
12124	HHH
12127	HHR
12128	HIA
12129	HIB
12130	HIE
12131	HIF
12132	HII
12134	HIK
12136	HIO
12140	HKA
12141	HKB
12146	HKP
12147	HKS
12149	HKY
12153	HLG
12154	HLI
12155	HLM
12156	HLN
12157	HLO
12163	HMN
12165	HMS
12166	HMT
12168	HNC
12171	HNH
12173	HNL
12174	HNM
12175	HNS
12177	HOB
12183	HOL
12184	HOM
12185	HON
12187	HOP
12190	HOT
12191	HOU
12195	HPB
12197	HPN
12198	HPT
12199	HPV
12200	HQM
12206	HRL
12207	HRO
12211	HSH
12212	HSI
12214	HSL
12215	HSP
12216	HST
12217	HSV
12220	HTH
12222	HTO
12223	HTS
12225	HUA
12226	HUC
12228	HUF
12232	HUL
12233	HUM
12235	HUS
12236	HUT
12243	HVC
12244	HVN
12245	HVR
12246	HVS
12247	HWD
12248	HWI
12250	HYA
12252	HYG
12253	HYL
12254	HYR
12255	HYS
12259	HZL
12260	IA1
12261	IA2
12262	IA3
16547	IA4
12263	IAB
12264	IAD
12265	IAG
12266	IAH
12268	IAN
12278	ICT
12279	ICY
16445	ID1
13440	ID2
12280	IDA
12281	IDI
12283	IDP
10590	IFP
12294	IGG
12297	IGM
12303	IGX
12305	II1
12306	II2
12307	II3
12308	II4
12310	IJX
12312	IKB
12314	IKK
12315	IKO
12317	IKV
12319	ILE
12320	ILG
12321	ILI
12322	ILL
12323	ILM
12324	ILN
12332	IML
12333	IMM
12335	IMT
12336	IN1
12337	IN2
16511	IN3
16539	IN4
12339	IND
12343	INL
11013	INR
12347	INS
12348	INT
12351	INW
12358	IOW
12363	IPL
12365	IPT
12370	IRC
12375	IRK
12378	IRS
12379	IRV
12387	ISL
12388	ISM
12389	ISN
12390	ISO
12391	ISP
12392	ISQ
12394	ISS
12396	ISW
12397	ITH
12402	ITO
12412	IWD
12415	IWS
12436	IYK
12441	JAC
12445	JAJ
12448	JAN
12449	JAO
12451	JAX
12452	JBC
12453	JBK
12454	JBP
12455	JBR
12457	JCC
12458	JCE
12460	JCI
12462	JDA
12463	JDB
12465	JDG
12467	JDM
12469	JDT
12470	JDX
12474	JEF
12477	JFB
12478	JFK
12479	JFN
12483	JGC
12484	JGG
12485	JGL
12486	JGP
12487	JGQ
12490	JHC
12492	JHM
12494	JHW
12495	JHY
12497	JID
12508	JKV
12509	JLA
12511	JLN
12513	JMA
12515	JMC
12518	JMN
12519	JMS
12522	JNP
12523	JNU
12527	JOC
10022	JOH
12535	JON
12536	JOR
12541	JPB
12543	JPT
12544	JQF
12545	JRA
12546	JRB
12547	JRC
12548	JRE
12549	JRF
12553	JRV
12554	JSE
12556	JSK
12559	JST
12571	JVL
12573	JWH
16555	JWY
12576	JXN
12577	JYP
12579	JZA
12580	JZB
12581	JZC
12583	JZE
12585	JZG
12587	JZI
12588	JZJ
12589	JZK
12590	JZL
12591	JZM
12592	JZN
12593	JZO
12594	JZP
12595	JZQ
12596	JZR
12598	JZT
12599	JZU
12600	JZV
12601	JZW
12602	JZX
12603	JZY
12605	K01
12610	KAE
12615	KAL
12621	KBC
12622	KBE
12624	KBK
12631	KBW
12633	KCC
12635	KCG
12637	KCK
12638	KCL
12639	KCN
12641	KCQ
12642	KCR
12647	KDK
12649	KEB
12652	KEH
12653	KEK
12661	KEZ
12663	KFP
12671	KGK
12676	KGX
12677	KGZ
12686	KIB
12704	KKA
12705	KKB
12708	KKH
12709	KKI
12711	KKK
12712	KKL
12716	KKU
12719	KLG
12720	KLL
12721	KLN
12723	KLP
12725	KLS
12728	KLW
16392	KMC
12737	KMO
12743	KMY
12745	KNB
12748	KNK
12753	KNT
12755	KNW
12758	KOA
12769	KOT
12771	KOY
12772	KOZ
12773	KPB
12774	KPC
12775	KPH
12777	KPK
12778	KPM
12779	KPN
12782	KPR
12784	KPV
12785	KPY
12786	KQA
12790	KRM
12796	KS2
12128	KS3
12807	KSM
12812	KSR
12815	KTB
10023	KTH
12819	KTN
12822	KTS
12831	KUK
12837	KUW
12841	KVC
12844	KVL
12847	KWF
12851	KWK
12853	KWN
12854	KWP
12855	KWT
12857	KXA
12859	KY1
12860	KY2
12861	KY3
12862	KY4
12863	KY5
12865	KYC
12866	KYK
12868	KYU
12869	KZB
12870	KZH
16428	L41
16537	LA1
16558	LA2
12873	LAA
12878	LAF
12882	LAL
12883	LAM
12884	LAN
12888	LAR
12889	LAS
12891	LAW
12892	LAX
12896	LBB
12898	LBE
12899	LBF
12902	LBL
12906	LBT
12915	LCH
12916	LCI
12917	LCK
12925	LDJ
12927	LDM
12932	LEB
12934	LEE
12944	LEW
12945	LEX
12947	LFI
12948	LFK
12951	LFT
12953	LGA
12954	LGB
12955	LGC
12956	LGD
12961	LGM
12965	LGU
12968	LHB
12971	LHQ
12973	LHU
12974	LHV
12976	LHX
16438	LIA
12979	LIC
12982	LIH
12983	LIJ
12992	LIT
12993	LIV
12995	LIY
12996	LIZ
12999	LJN
13001	LJY
13002	LKE
13003	LKK
13008	LKP
13009	LKV
14347	LLX
13015	LLY
13016	LMA
13023	LMS
13024	LMT
13026	LND
13028	LNI
13029	LNK
13030	LNL
13031	LNP
13032	LNS
13033	LNT
13034	LNY
13038	LOI
13039	LOL
12306	LOT
13044	LOU
13046	LOZ
13049	LPC
13052	LPO
15534	LPR
13055	LPS
13057	LPW
13058	LQK
13061	LRD
13063	LRF
13064	LRG
13069	LRN
13070	LRO
13072	LRU
13075	LSD
13076	LSE
13077	LSF
13080	LSN
13083	LSR
13087	LSV
13097	LTS
13102	LUF
13105	LUK
13106	LUL
13109	LUP
13111	LUR
13115	LVD
13117	LVK
13118	LVM
13120	LVS
13121	LWB
13122	LWC
13123	LWF
13124	LWL
13125	LWM
13127	LWS
13128	LWT
13129	LWV
13132	LXN
13135	LXV
13139	LYH
13144	LYU
13151	LZU
13152	MA1
16479	MA2
16487	MA3
16526	MA4
16543	MA5
13155	MAC
13157	MAE
13158	MAF
13173	MAW
13176	MAZ
13182	MBL
13184	MBS
13188	MBY
13191	MCB
13192	MCC
13193	MCD
13194	MCE
13195	MCF
13196	MCG
13198	MCI
13200	MCK
13201	MCL
13203	MCN
13204	MCO
13211	MCW
16463	MD1
13214	MDA
13217	MDD
13219	MDF
13221	MDH
13223	MDJ
13226	MDO
13228	MDR
13230	MDT
13232	MDW
13234	MDY
13236	ME1
16503	ME2
16540	ME3
16553	ME4
13241	MEI
13242	MEJ
13244	MEM
13246	MEO
13249	MER
13251	MEV
13255	MFD
13256	MFE
13259	MFH
13260	MFI
13264	MFR
13266	MFT
13268	MFV
13271	MGC
13273	MGE
13275	MGJ
13277	MGM
13280	MGR
13282	MGW
13283	MGY
13287	MHE
13290	MHK
13291	MHL
13292	MHM
13295	MHR
13296	MHT
13297	MHV
13300	MI1
13301	MI2
13302	MI3
16424	MI4
10841	MI5
13303	MIA
13304	MIB
13305	MIC
13307	MIE
13314	MIO
13316	MIQ
13319	MIT
13321	MIV
13322	MIW
13335	MJQ
13338	MJX
13341	MKC
13342	MKE
13344	MKG
13347	MKK
13348	MKL
13350	MKO
13354	MKT
13360	MLB
13361	MLC
13362	MLD
13364	MLF
13367	MLI
13368	MLK
13369	MLL
13375	MLS
13376	MLT
13377	MLU
13381	MLY
13388	MMH
13389	MMI
13392	MML
13394	MMN
13397	MMT
13398	MMU
13401	MN1
13402	MN2
13403	MN3
16469	MN4
16500	MN5
13409	MNM
13410	MNN
13415	MNT
13418	MNZ
13419	MO1
13420	MO2
13422	MOB
13424	MOD
13429	MOP
13431	MOR
13432	MOS
13433	MOT
13434	MOU
13439	MPB
16501	MPE
13441	MPJ
13446	MPO
13447	MPR
13448	MPS
13450	MPV
13452	MQB
13453	MQJ
13459	MQT
13461	MQY
13463	MRB
13464	MRC
13466	MRH
13467	MRI
13469	MRK
13470	MRN
13476	MRY
13478	MS1
16414	MS2
16468	MS3
13480	MSC
13484	MSL
13485	MSN
13486	MSO
13487	MSP
13490	MSS
13493	MSV
13495	MSY
13497	MT1
13498	MTC
13501	MTH
13502	MTJ
13504	MTM
13505	MTN
13506	MTO
13507	MTP
13512	MTW
13513	MTX
13520	MUE
13523	MUL
13525	MUO
13527	MUT
16527	MVC
13535	MVL
13536	MVM
13537	MVN
13540	MVW
13541	MVY
13543	MWA
13544	MWC
13546	MWH
13547	MWL
13548	MWM
13549	MWO
13553	MXC
13554	MXE
13555	MXF
13556	MXG
13564	MXY
13570	MYF
13572	MYH
13574	MYK
13575	MYL
13577	MYR
13579	MYU
13580	MYV
13587	MZJ
13595	MZZ
13596	N47
13597	N87
13599	NAD
12549	NAX
13612	NBG
13613	NBJ
13617	NBU
13619	NC1
13620	NC2
13621	NC3
13622	NC4
13623	NC5
16502	NC6
16510	NC7
16552	NC8
13629	NCN
13630	NCO
13632	NCQ
13637	ND1
13645	NE1
13646	NE2
13647	NEA
13650	NEL
16396	NEU
13655	NEW
13656	NFL
13659	NGC
13662	NGF
13663	NGM
13665	NGP
13667	NGU
13668	NGZ
16548	NH1
13671	NHK
13674	NHZ
13676	NIB
13678	NIE
13681	NIN
13682	NIP
13685	NJ1
13686	NJ2
14899	NJ3
13689	NJK
13693	NKI
13697	NKT
13698	NKV
13700	NKX
13702	NLC
13704	NLG
13710	NME
13714	NNK
13715	NNL
13725	NOT
13728	NPA
13731	NPT
13732	NQA
13733	NQI
13736	NQX
13739	NRB
13740	NRI
13743	NRR
13747	NSE
13748	NSF
13750	NSL
13756	NTD
13763	NTU
13767	NUI
13768	NUL
13769	NUN
13770	NUP
13771	NUQ
13772	NUW
13773	NV1
16566	NV2
13775	NVD
13780	NXX
13781	NY1
13782	NY2
13783	NY3
16425	NY4
16442	NY5
16499	NY6
16498	NY7
16512	NY8
13784	NYC
13785	NYL
13788	NZC
13789	NZJ
13790	NZW
13791	NZY
13792	O85
13795	OAJ
13796	OAK
16541	OBE
13805	OBT
13806	OBU
12661	OCA
13808	OCE
13809	OCF
13810	OCH
13811	OCI
13813	OCN
13814	OCW
13819	ODM
13821	ODW
16563	OEO
13824	OFF
13825	OFK
13826	OFU
13827	OGA
13828	OGB
13829	OGD
13830	OGG
13832	OGS
13833	OH1
13834	OH2
13835	OH3
13836	OH4
13837	OH5
13838	OH6
13839	OH7
16470	OH8
16532	OH9
13841	OHC
13845	OIC
13848	OJC
13851	OKC
13854	OKK
13861	OLE
13862	OLF
13863	OLH
13865	OLM
13868	OLS
13869	OLU
13870	OLV
13871	OMA
13873	OME
13876	OMK
13881	ONA
13884	ONH
13886	ONL
13887	ONM
13888	ONN
13889	ONO
13890	ONP
13891	ONT
13893	OOB
13894	OOK
13898	OPF
13899	OPH
13901	OQA
13902	OQB
13903	OQC
13905	OQF
13906	OQG
13908	OQI
13909	OQK
13910	OQL
13911	OQM
13912	OQN
13913	OQO
13914	OQP
13915	OQQ
13916	OQR
13917	OQS
13920	OQV
13921	OQW
13922	OQX
13923	OQY
13924	OQZ
13925	OR1
13926	OR2
13927	OR3
16560	OR4
13930	ORD
13931	ORF
13933	ORH
13934	ORI
13936	ORL
13940	ORT
13942	ORV
13946	OSB
13947	OSC
13949	OSH
13958	OSU
13959	OSX
13963	OTG
13964	OTH
13965	OTM
13968	OTS
13970	OTZ
13976	OUN
13981	OVE
13982	OWA
13983	OWB
13984	OWD
13987	OXC
13988	OXR
13989	OXV
13994	OYS
13995	OZA
13999	OZR
14000	PA1
14001	PA2
16504	PA3
16519	PA4
16525	PA5
14004	PAE
14006	PAH
14007	PAK
14009	PAM
14011	PAO
14013	PAQ
14021	PBA
14024	PBF
14025	PBG
14027	PBI
14028	PBK
14034	PBX
14037	PCA
14039	PCD
14040	PCE
14042	PCK
14044	PCT
14046	PDB
14050	PDK
14054	PDT
14057	PDX
14062	PEC
14070	PEQ
14075	PFA
14077	PFD
14078	PFN
14081	PGA
16524	PGC
14082	PGD
14087	PGL
14088	PGM
14089	PGO
16449	PGR
14091	PGS
14092	PGV
14096	PHD
14098	PHF
14100	PHL
14101	PHN
14102	PHO
14105	PHT
14107	PHX
14108	PIA
14109	PIB
14112	PIE
14113	PIH
14114	PII
14116	PIM
14119	PIP
14120	PIR
14122	PIT
14125	PIZ
14126	PJB
14129	PJS
14130	PKA
14131	PKB
14133	PKD
14143	PLB
14147	PLK
14150	PLN
14157	PLY
14160	PMB
14162	PMD
14165	PMH
14167	PML
14173	PMU
14180	PNC
14182	PNE
14183	PNF
16491	PNN
14193	PNS
14194	PNX
14197	POB
14198	POC
14199	POD
14200	POE
14201	POF
14203	POH
14208	POQ
14212	POU
14215	POY
14218	PPC
14219	PPD
14221	PPF
14222	PPG
14223	PPM
14229	PPV
14231	PQI
14234	PQS
14236	PRB
14237	PRC
14238	PRD
14244	PRT
14247	PRX
14249	PRZ
14251	PSB
14252	PSC
14254	PSE
14255	PSF
14256	PSG
14258	PSK
14259	PSM
14260	PSN
14262	PSP
14265	PSX
14268	PTA
14269	PTC
14270	PTD
14273	PTH
14275	PTK
14276	PTL
14277	PTN
14279	PTR
14280	PTS
14281	PTT
14282	PTU
14283	PTV
14284	PTW
14288	PUB
14289	PUC
14295	PUL
14296	PUO
14303	PUW
14306	PVC
14307	PVD
14308	PVF
14314	PVU
14315	PVW
14316	PVY
14317	PVZ
14318	PWA
14320	PWK
14321	PWM
14322	PWR
14323	PWT
14327	PYA
14331	PYL
14332	PYM
14341	QAF
14344	QAJ
14345	QAK
14346	QAL
14347	QAO
14348	QAS
14352	QAX
14358	QBH
14359	QBI
14360	QBM
14361	QBN
14365	QBT
14366	QBX
14367	QBY
10987	QCG
14375	QCT
14377	QCW
14378	QCX
14383	QEM
14386	QFX
14387	QGS
14388	QHI
14391	QHO
14392	QIR
14395	QKV
14397	QMA
14399	QMH
14400	QMN
14406	QOR
14409	QPO
14410	QPT
14412	QQB
14413	QQC
14414	QQD
14415	QQE
14417	QQG
14420	QQJ
14422	QQL
14423	QQM
14424	QQN
14427	QQQ
15736	QQS
14430	QQT
14431	QQU
14434	QQX
14435	QQY
14438	QRD
14441	QSO
14447	RAC
14454	RAL
14457	RAP
14461	RAX
14464	RBB
14465	RBD
14466	RBF
14467	RBG
14468	RBH
14469	RBL
14470	RBN
16542	RBW
14474	RBY
14475	RCA
14477	RCE
14482	RCT
14485	RDB
14487	RDD
14488	RDG
14489	RDM
14490	RDR
14492	RDU
14493	RDV
14495	REB
14497	RED
14498	REE
14500	REH
14512	RFD
14520	RHI
14524	RIC
14525	RID
14526	RIE
14527	RIF
14530	RIL
14532	RIR
14533	RIV
14534	RIW
14539	RKD
10836	RKH
14541	RKP
14542	RKR
14543	RKS
14546	RKW
14547	RLA
14548	RLD
14551	RLU
14553	RME
14554	RMG
14557	RMN
14559	RMP
14564	RNC
14565	RND
14567	RNG
14570	RNO
14572	RNT
14574	ROA
14576	ROC
14577	ROG
14579	ROL
14582	ROP
14583	ROR
14588	ROW
14589	ROX
14592	RPX
14593	RQA
14594	RQB
14595	RQC
14596	RQD
14597	RQE
14598	RQF
14599	RQG
14600	RQH
14601	RQI
14603	RQK
14604	RQL
14605	RQM
14606	RQN
14607	RQO
14608	RQP
14609	RQQ
14610	RQR
14612	RQT
14613	RQU
14614	RQV
14615	RQW
14616	RQX
14617	RQY
14618	RQZ
14623	RRT
14627	RSH
14628	RSJ
14629	RSL
14630	RSN
14631	RSP
14633	RST
14635	RSW
14638	RTE
14640	RTN
14641	RTO
14646	RUI
14648	RUT
14653	RVS
14655	RWB
14656	RWI
14657	RWL
14658	RXB
14660	RYE
14668	RZZ
16459	S24
14669	S27
14670	SAA
14672	SAC
14673	SAD
14674	SAF
14675	SAG
14679	SAN
14683	SAT
14685	SAV
16409	SAW
14689	SBA
14691	SBD
14695	SBM
14696	SBN
14697	SBO
14698	SBP
14699	SBS
14700	SBT
14702	SBV
14704	SBY
14706	SC1
14707	SC2
14708	SC3
14709	SCC
14711	SCE
14712	SCF
14713	SCH
14715	SCJ
14716	SCK
14718	SCM
14726	SD1
16453	SD2
14730	SDF
14736	SDM
14738	SDP
14744	SDX
14745	SDY
14747	SEA
14749	SEE
14750	SEF
14751	SEG
14753	SEM
14756	SER
14757	SES
14761	SFB
14764	SFF
14769	SFM
14771	SFO
14778	SFZ
14783	SGF
14785	SGH
14792	SGR
14793	SGT
14794	SGU
14795	SGW
14797	SGY
14802	SHD
14804	SHG
14805	SHH
14810	SHN
14812	SHR
14814	SHV
14816	SHX
14819	SIG
14822	SIK
14828	SIT
14830	SIY
14831	SJC
14833	SJF
14837	SJN
14842	SJT
14843	SJU
14848	SKA
14853	SKF
14855	SKJ
14856	SKK
14863	SKW
14865	SKY
14868	SLB
14869	SLC
14871	SLE
14874	SLJ
14875	SLK
14877	SLN
14878	SLO
14880	SLQ
14881	SLR
14883	SLT
14892	SME
14893	SMF
14895	SMK
14897	SMN
14898	SMO
14902	SMT
14903	SMU
14905	SMX
14908	SNA
14915	SNK
14916	SNL
14919	SNP
14922	SNS
14927	SNY
14934	SOL
14938	SOP
14942	SOV
14943	SOW
14944	SPA
14945	SPB
14949	SPF
14950	SPG
14952	SPI
14955	SPN
14958	SPQ
14960	SPS
14962	SPW
14964	SPZ
14965	SQA
14966	SQI
14967	SQL
14972	SQV
14975	SRC
14977	SRF
14986	SRQ
14987	SRV
14988	SRW
14992	SSB
14993	SSC
14996	SSI
14999	SSM
15003	SSW
15008	STC
15010	STE
15011	STF
15012	STG
15014	STJ
15015	STK
15016	STL
15020	STP
15021	STQ
15023	STS
15024	STT
15027	STX
15030	SUA
15032	SUC
15033	SUE
15040	SUM
15041	SUN
15042	SUO
15043	SUS
15045	SUU
15047	SUW
15048	SUX
15049	SVA
15051	SVC
15054	SVH
15057	SVN
15061	SVS
15063	SVW
15069	SWD
15070	SWF
15074	SWO
15078	SWW
15085	SXP
15086	SXQ
15089	SXY
15090	SYA
15091	SYB
15093	SYI
15094	SYN
15096	SYR
15108	SZL
15110	SZP
15117	TAD
15124	TAL
15132	TAV
15138	TBN
15141	TBR
15148	TCC
15153	TCL
15154	TCM
15159	TCS
15160	TCT
15163	TDF
15164	TDW
15165	TDZ
15167	TEB
15170	TEH
15171	TEK
15177	TEX
15185	TGE
15195	THA
15200	THP
15203	THV
15211	TIK
15215	TIQ
15220	TIW
15221	TIX
15228	TKA
15231	TKE
15232	TKF
15235	TKI
15236	TKJ
15238	TKL
15245	TLA
15248	TLF
15249	TLH
15250	TLJ
10023	TLK
15255	TLR
15257	TLT
15259	TMA
15260	TMB
15270	TN1
15271	TN2
15272	TN3
15273	TN4
15274	TN5
15275	TN6
15276	TN7
12574	TN8
16509	TN9
15278	TNC
15282	TNK
15284	TNP
15286	TNT
15287	TNU
15289	TOA
15293	TOG
16536	TOI
15295	TOL
15297	TOP
15299	TOR
15304	TPA
15305	TPB
15307	TPF
15308	TPH
15310	TPL
15322	TRH
15323	TRI
15325	TRM
15339	TSG
15342	TSM
15344	TSP
15346	TSS
15351	TTD
15356	TTN
15367	TUH
15370	TUL
15374	TUP
15376	TUS
15380	TVC
15381	TVF
15382	TVI
15383	TVL
15385	TWA
15387	TWD
15388	TWE
15389	TWF
15390	TWH
15393	TX1
15394	TX2
15395	TX3
15396	TX4
15397	TX5
15398	TX6
15399	TX7
16412	TX8
16549	TX9
15401	TXK
15406	TYE
15411	TYR
15412	TYS
15413	TYZ
16431	U36
15422	UAM
15427	UBF
15430	UBS
15431	UCA
15433	UCY
15434	UDD
15435	UDG
15440	UES
15443	UGA
15444	UGB
15446	UGI
15447	UGN
15448	UGS
15454	UIN
15458	UKI
15462	ULM
15465	ULS
15467	UMB
15470	UMM
15472	UMT
15478	UNK
15479	UNS
16419	UOS
15481	UOX
15484	UPP
15485	UQE
15494	USI
15497	UST
15498	UT1
15502	UTM
15504	UTO
15508	UUK
15511	UVA
15515	UXA
15517	UXC
15518	UXD
15519	UXE
15520	UXF
15521	UXG
15523	UXI
15524	UXJ
15525	UXK
15526	UXL
15527	UXM
15528	UXN
15529	UXO
15530	UXP
15532	UXR
15533	UXS
15534	UXT
15535	UXU
15536	UXV
15537	UXW
15538	UXX
15539	UXY
15540	UXZ
15545	VA1
15546	VA2
15547	VA3
15548	VA4
16528	VA5
15550	VAD
15554	VAK
15561	VBG
15565	VCB
15569	VCT
15570	VCV
15574	VDI
15579	VDZ
15581	VEE
15582	VEL
15583	VEO
16454	VGC
15589	VGT
15597	VIH
15599	VIK
15601	VIS
15605	VKS
15607	VLD
15615	VNC
15618	VNY
15620	VOK
15622	VPC
15624	VPS
15625	VPZ
15626	VQS
15628	VRB
15634	VSF
15637	VTN
15639	VUJ
15640	VUO
15646	VWA
15647	VWB
15648	VWC
15649	VWD
15650	VWE
15651	VWF
15652	VWG
15653	VWH
15654	VWI
15655	VWJ
15656	VWK
15657	VWL
15658	VWM
15659	VWN
15660	VWO
15661	VWP
15662	VWQ
15663	VWR
15664	VWS
15665	VWT
15668	VWW
15669	VWX
15671	VWZ
15675	VYS
15676	VZA
15677	VZB
15678	VZC
15679	VZD
15680	VZE
15681	VZF
15682	VZG
15683	VZH
15684	VZI
15685	VZJ
10070	VZK
15687	VZL
16404	VZL
15688	VZM
15689	VZN
15690	VZO
15692	VZQ
15693	VZR
15694	VZS
15695	VZT
15696	VZU
15697	VZV
15698	VZW
15700	VZY
15701	VZZ
15703	WA2
15704	WA3
15705	WA4
15706	WA5
15707	WA6
15708	WA7
15736	WA8
16515	WA9
15709	WAA
15713	WAL
15714	WAR
15715	WAS
14623	WAX
15721	WBB
15722	WBH
15724	WBN
15725	WBQ
15726	WBR
15727	WBS
15728	WBY
15730	WCL
15731	WCR
15732	WDB
15734	WDG
15737	WDR
15741	WFB
15751	WFK
15749	WGO
15754	WHD
15758	WHR
15759	WHT
15760	WI1
15761	WI2
15762	WIB
15769	WJF
15774	WKK
15775	WKL
15779	WKV
15781	WLB
15782	WLD
15785	WLK
15786	WLM
13064	WLR
15789	WLW
15791	WMC
15792	WMH
15793	WMK
15794	WMO
15798	WNA
16427	WNC
15805	WOD
15807	WOW
14444	WPO
15813	WQA
15814	WQB
15815	WQC
15816	WQD
15817	WQE
15818	WQF
15819	WQG
15820	WQH
15821	WQI
15822	WQJ
15823	WQK
15824	WQL
15825	WQM
15826	WQN
15827	WQO
15828	WQP
15829	WQQ
15830	WQR
15831	WQS
15832	WQT
15833	WQU
15835	WQW
15836	WQX
15837	WQY
15838	WQZ
15839	WRB
15841	WRG
15842	WRI
15843	WRL
15846	WSB
15847	WSG
15848	WSH
15849	WSI
15850	WSJ
15852	WSM
15853	WSN
15855	WST
15856	WSX
15859	WTC
15861	WTK
15862	WTL
15864	WTR
15866	WTT
15869	WUJ
15870	WUQ
15873	WV1
16496	WV2
15874	WVA
15877	WVI
15879	WVL
15881	WWA
15882	WWD
15885	WWP
15886	WWR
15887	WWT
15892	WY1
15894	WYB
15897	WYS
15907	XES
15915	XMD
11405	XMR
15919	XNA
15927	XRS
15930	XSD
15931	XSM
15934	XWA
15936	XWC
15938	XWE
15939	XWF
15941	XWH
15943	XWJ
15944	XWK
15945	XWL
15947	XWN
15948	XWO
15952	XWS
15953	XWT
15954	XWU
15956	XWW
15963	XXD
15964	XXE
15966	XXG
15971	XXN
15972	XXO
15973	XXP
15975	XXR
15976	XXS
15977	XXT
15978	XXU
15979	XXV
15980	XXW
15981	XXX
15982	XXY
15983	XXZ
15991	YAK
16091	YIP
16101	YKM
16102	YKN
16133	YNG
16218	YUM
16292	ZBX
16311	ZNC
16335	ZXB
16336	ZXC
16339	ZXF
16340	ZXH
16341	ZXI
16342	ZXJ
16343	ZXK
16344	ZXL
16345	ZXM
16346	ZXN
16347	ZXO
16348	ZXP
14965	ZXQ
16352	ZXT
16353	ZXU
16354	ZXV
16355	ZXW
16356	ZXX
16357	ZXY
16358	ZXZ
16361	ZZV
99999	ZZZ
