10101	99991231	03069	04V
19981104	19990128	94119	07S
19870501	19921201	94624	0B6
10101	99991231	03033	0E0
10101	99991231	93139	0E4
10101	99991231	63870	0J4
10101	99991231	04204	0Q5
19830119	19990128	94032	0V1
10101	99991231	03193	0V7
19970901	19981203	94991	0Y7
10101	99991231	53928	11R
10101	99991231	54779	12N
19910701	19990728	03196	13A
10101	99991231	46404	15Z
10101	99991231	94816	17C
10101	99991231	63844	1A5
10101	99991231	63875	1A6
10101	99991231	53929	1F0
20020601	99991231	93816	1H2
10101	99991231	63871	1J0
19751001	19920101	93076	1K5
19751201	19941001	03952	1M1
10101	99991231	24214	1O5
10101	99991231	64773	1P1
19701215	19751208	53915	1R3
19980827	19981203	04201	1S4
19661110	19960701	23069	1V1
19911101	99991231	54742	1V4
10101	99991231	94076	20V
10101	99991231	94602	21B
19970425	19981008	04849	22G
10101	99991231	64759	25B
10101	99991231	14700	26G
10101	99991231	63834	27A
10101	99991231	54761	27B
10101	99991231	94180	27U
10101	99991231	54799	29B
10101	99991231	53816	2A3
10101	99991231	23039	2C2
10101	99991231	93742	2DP
10101	99991231	03755	2G4
10101	99991231	03880	2PJ
10101	99991231	93085	2V9
10101	99991231	94037	2WX
19770801	19860331	26650	2ZO
19861120	19920615	26650	2ZO
10101	99991231	14618	31B
10101	99991231	64755	33B
10101	99991231	54830	33Y
10101	99991231	04133	36U
19910601	19970331	53820	39J
10101	99991231	63839	3A1
19910301	19980304	94603	3B1
10101	99991231	24139	3DU
19800515	19860901	94957	3FC
10101	99991231	24097	3HT
10101	99991231	63876	3I2
10101	99991231	63877	3J7
10101	99991231	03051	3K7
19860601	19951114	03974	3KM
10101	99991231	03107	3L3
10101	99991231	63878	3LF
10101	99991231	94918	3NO
10101	99991231	14970	3OI
20021106	20030327	12981	3R1
19960229	19981008	12971	3R5
19800601	19970129	94281	3S2
19780801	20001011	04829	3SG
19980625	19981015	53866	3SM
19970326	19981008	53904	3SZ
10101	99991231	12978	3T5
10101	99991231	94132	3TH
10101	99991231	93086	3V9
10101	99991231	94605	40B
10101	99991231	53862	40J
10101	99991231	13794	40N
10101	99991231	94061	42V
19900114	99991231	94965	43F
10101	99991231	93791	44W
10101	99991231	93761	46W
10101	99991231	63848	47A
10101	99991231	63879	48I
19890913	19950101	63837	49J
10101	99991231	63847	4A9
19730101	19891201	24267	4BK
19900401	20020420	24267	4BK
10101	99991231	93025	4BL
10101	99991231	24085	4BQ
10101	99991231	24134	4BW
10101	99991231	03147	4CB
10101	99991231	93087	4CR
10101	99991231	24019	4DG
10101	99991231	93131	4GC
10101	99991231	24161	4HA
10101	99991231	23170	4HV
10101	99991231	93008	4LJ
10101	99991231	24270	4LW
10101	99991231	24088	4MC
10101	99991231	93064	4MR
10101	99991231	93088	4MY
10101	99991231	53990	4O4
10101	99991231	94147	4OM
10101	99991231	03014	4SL
10101	99991231	03015	4SL
10101	99991231	93089	4SL
10101	99991231	24158	4SV
20030519	20030728	53966	4T6
19291101	19360331	93201	4TA
10101	99991231	03010	4V5
10101	99991231	23270	50Q
10101	99991231	93222	53Q
10101	99991231	93766	55N
10101	99991231	94739	56N
19690101	19981020	54781	5B5
19771121	19960422	26557	5BI
19740901	19820127	25401	5CE
10101	99991231	26408	5CR
19740801	19820127	26417	5HN
10101	99991231	53821	5I3
10101	99991231	93895	5I3
10101	99991231	94196	5J0
10101	99991231	26489	5MK
19751101	19760430	26429	5MU
19670101	19761231	26622	5NV
19771012	20000605	26486	5SZ
20030817	20060927	53972	5T5
10101	99991231	03053	5T6
10101	99991231	26488	5WT
19421001	19690331	27503	5WT
19980915	19990831	27503	5WW
19810501	19860501	94298	60S
19960619	19980101	94298	60S
10101	99991231	94101	63S
10101	99991231	14614	6B2
19760317	19910301	94603	6B2
10101	99991231	03032	6R6
19910601	19970611	94039	6V2
10101	99991231	63827	6V3
10101	99991231	93090	6V8
10101	99991231	94280	76S
10101	99991231	94186	77M
10101	99991231	53843	79J
10101	99991231	53807	7A9
19731201	19750228	04857	7G2
10101	99991231	12989	7LA5
20000321	99991231	92807	7LS1
19840307	20000321	92807	7R1
10101	99991231	12988	7R3
10101	99991231	14754	7TB
19990801	20061003	03064	7V1
10101	99991231	94251	83S
10101	99991231	04233	84Q
10101	99991231	94249	86S
10101	99991231	93226	87Q
10101	99991231	24263	88Q
10101	99991231	63880	8A0
10101	99991231	94993	8D3
20030401	20030519	53964	8F7
10101	99991231	13832	8R2
10101	99991231	23290	97Q
19800401	19831115	54752	99B
19850122	19911101	54742	9B2
19950428	19980101	94623	9B9
10101	99991231	94198	9BB
10101	99991231	53144	9L2
10101	99991231	94070	9V2
19830720	99991231	94943	9V9
19981015	20010703	26492	A21
10101	99991231	04862	AAA
10101	99991231	12832	AAF
19951114	99991231	03974	AAO
19981015	99991231	94299	AAT
10101	99991231	14737	ABE
10101	99991231	13962	ABI
10101	99991231	23004	ABQ
10101	99991231	23050	ABQ
10101	99991231	14929	ABR
10101	99991231	13869	ABY
10101	99991231	04863	ACB
19520401	19540204	26451	ACG
10101	99991231	14756	ACK
10101	99991231	53991	ACP
10101	99991231	54916	ACQ
10101	99991231	13959	ACT
10101	99991231	24283	ACV
10101	99991231	93730	ACY
10101	99991231	94997	ADC
10101	99991231	04847	ADG
10101	99991231	53930	ADH
10101	99991231	25704	ADK
10101	99991231	93940	ADM
10101	99991231	25501	ADQ
10101	99991231	03970	ADS
10101	99991231	03043	ADT
10101	99991231	94998	ADU
10101	99991231	13705	ADW
10101	99991231	03034	AEG
20061003	99991231	03064	AEJ
10101	99991231	94968	AEL
10101	99991231	26515	AET
10101	99991231	13934	AEX
10101	99991231	93915	AEX
10101	99991231	25369	AFE
10101	99991231	93065	AFF
10101	99991231	04827	AFJ
10101	99991231	04993	AFK
10101	99991231	26551	AFM
10101	99991231	54770	AFN
10101	99991231	53909	AFW
10101	99991231	14762	AGC
10101	99991231	25310	AGN
10101	99991231	12804	AGR
10101	99991231	03820	AGS
10101	99991231	26548	AHG
10101	99991231	13873	AHN
10101	99991231	25375	AHP
20000109	99991231	25348	AHP
10101	99991231	24044	AIA
10101	99991231	04828	AID
10101	99991231	04864	AIG
10101	99991231	14930	AIO
10101	99991231	94999	AIT
10101	99991231	03740	AIY
10101	99991231	53931	AIZ
10101	99991231	25518	AJC
10101	99991231	63853	AJG
10101	99991231	53175	AJO
10101	99991231	27517	AK15
10101	99991231	25708	AKA
10101	99991231	25715	AKA
10101	99991231	53870	AKH
10101	99991231	25503	AKN
10101	99991231	24015	AKO
10101	99991231	26542	AKP
10101	99991231	93773	AKQ
10101	99991231	14813	AKR
10101	99991231	25367	AKW
10101	99991231	14735	ALB
10101	99991231	12932	ALI
10101	99991231	53146	ALK
10101	99991231	93097	ALM
10101	99991231	03958	ALN
10101	99991231	94910	ALO
10101	99991231	23061	ALS
10101	99991231	24160	ALW
10101	99991231	63833	ALX
10101	99991231	25502	ALZ
10101	99991231	23047	AMA
10101	99991231	13870	AMG
10101	99991231	53989	AMM
10101	99991231	54816	AMN
10101	99991231	94989	AMW
10101	99991231	13871	ANB
19431128	19540204	26409	ANC
19540204	99991231	26451	ANC
10101	99991231	93846	AND
10101	99991231	94974	ANE
10101	99991231	26516	ANI
10101	99991231	14847	ANJ
10101	99991231	25308	ANN
10101	99991231	26644	ANV
10101	99991231	24001	ANW
10101	99991231	94975	ANW
10101	99991231	04850	AOH
10101	99991231	14736	AOO
10101	99991231	93067	APA
10101	99991231	93227	APC
10101	99991231	12830	APF
10101	99991231	12897	APF
10101	99991231	13701	APG
10101	99991231	94849	APN
10101	99991231	04837	APX
10101	99991231	53983	AQO
10101	99991231	54917	AQP
10101	99991231	53932	AQR
10101	99991231	27515	AQT
10101	99991231	03949	AQV
10101	99991231	54768	AQW
19751208	99991231	53915	ARA
10101	99991231	94889	ARB
10101	99991231	46405	ARC
10101	99991231	93991	ARG
10101	99991231	12953	ARM
10101	99991231	04808	ARR
10101	99991231	94790	ART
10101	99991231	04865	ARV
10101	99991231	53865	ASD
10101	99991231	93073	ASE
10101	99991231	03973	ASG
10101	99991231	54754	ASH
10101	99991231	93796	ASJ
10101	99991231	03912	ASL
10101	99991231	94224	AST
10101	99991231	54809	ASW
10101	99991231	94929	ASX
10101	99991231	27518	ATK
10101	99991231	13874	ATL
10101	99991231	03035	ATS
19990523	99991231	13958	ATT
10101	99991231	04825	ATW
10101	99991231	14946	ATY
10101	99991231	14605	AUG
10101	99991231	04901	AUH
10101	99991231	04902	AUM
10101	99991231	23224	AUN
10101	99991231	03892	AUO
19791201	19990523	13958	AUS
19990523	99991231	13904	AUS
10101	99991231	14897	AUW
10101	99991231	93797	AVC
10101	99991231	53933	AVK
10101	99991231	03812	AVL
10101	99991231	14777	AVP
10101	99991231	23191	AVX
10101	99991231	04903	AWG
10101	99991231	94190	AWH
19990831	99991231	27503	AWI
10101	99991231	53959	AWM
10101	99991231	04205	AWO
10101	99991231	04904	AXA
10101	99991231	14910	AXN
10101	99991231	63901	AXS
10101	99991231	04779	AYE
10101	99991231	13861	AYS
10101	99991231	53129	AZC
10101	99991231	46407	AZK
10101	99991231	94815	AZO
19951206	19980101	54772	B20
19871119	99991231	24119	B23
10101	99991231	93216	BAB
10101	99991231	13944	BAD
10101	99991231	14775	BAF
10101	99991231	13803	BAK
19500601	19790601	93721	BAL
19630101	19871119	24119	BAM
10101	99991231	54817	BAX
19981008	99991231	12971	BAZ
10101	99991231	54904	BBB
10101	99991231	93942	BBD
10101	99991231	94946	BBW
10101	99991231	53881	BCB
10101	99991231	23159	BCE
10101	99991231	12803	BCT
10101	99991231	26497	BCV
10101	99991231	94961	BDE
10101	99991231	14816	BDF
10101	99991231	03036	BDG
10101	99991231	14740	BDL
10101	99991231	94702	BDR
10101	99991231	14702	BED
10101	99991231	94871	BEH
10101	99991231	26615	BET
10101	99991231	04751	BFD
10101	99991231	24028	BFF
10101	99991231	24234	BFI
10101	99991231	23155	BFL
10101	99991231	13838	BFM
10101	99991231	04905	BFW
10101	99991231	03024	BGD
10101	99991231	13819	BGE
10101	99991231	53882	BGE
10101	99991231	04725	BGM
10101	99991231	14601	BGR
10101	99991231	14606	BGR
10101	99991231	23005	BGS
10101	99991231	23041	BGS
10101	99991231	14616	BHB
10101	99991231	94055	BHK
10101	99991231	13876	BHM
10101	99991231	14799	BID
10101	99991231	94793	BID
10101	99991231	94947	BIE
10101	99991231	23019	BIF
10101	99991231	26415	BIG
10101	99991231	23157	BIH
10101	99991231	63835	BIJ
10101	99991231	24033	BIL
10101	99991231	24011	BIS
19960621	99991231	04839	BIV
10101	99991231	13820	BIX
10101	99991231	03065	BJC
10101	99991231	93068	BJC
10101	99991231	14958	BJI
10101	99991231	04842	BJJ
10101	99991231	53145	BJN
10101	99991231	53988	BKB
10101	99991231	24130	BKE
10101	99991231	23036	BKF
10101	99991231	22501	BKH
10101	99991231	04853	BKL
10101	99991231	12982	BKS
10101	99991231	13704	BKT
10101	99991231	13726	BKT
10101	99991231	12818	BKV
10101	99991231	03872	BKW
10101	99991231	94902	BKX
10101	99991231	93128	BLD
10101	99991231	03859	BLF
10101	99991231	23158	BLH
10101	99991231	24217	BLI
10101	99991231	04783	BLM
10101	99991231	54760	BLM
10101	99991231	23225	BLU
10101	99991231	13802	BLV
10101	99991231	24180	BMC
10101	99991231	03893	BMG
10101	99991231	54831	BMI
10101	99991231	94700	BML
10101	99991231	03999	BMQ
10101	99991231	13897	BNA
10101	99991231	25312	BNF
10101	99991231	94185	BNO
10101	99991231	04906	BNW
10101	99991231	24212	BNY
10101	99991231	24131	BOI
10101	99991231	24267	BOK
10101	99991231	14739	BOS
10101	99991231	12809	BOW
20030327	99991231	03044	BPG
10101	99991231	24164	BPI
10101	99991231	53918	BPK
10101	99991231	12917	BPT
10101	99991231	53883	BQK
10101	99991231	11603	BQN
10101	99991231	53992	BQP
10101	99991231	94938	BRD
10101	99991231	14931	BRL
10101	99991231	12919	BRO
10101	99991231	27502	BRW
10101	99991231	12931	BRX
10101	99991231	21508	BSF
10101	99991231	94710	BSI
19421001	19990523	13904	BSM
10101	99991231	27401	BTI
10101	99991231	14815	BTL
10101	99991231	24135	BTM
10101	99991231	64705	BTP
10101	99991231	13970	BTR
10101	99991231	26533	BTT
10101	99991231	14742	BTV
19800519	19810701	14964	BUB
10101	99991231	14733	BUF
10101	99991231	23156	BUO
10101	99991231	23152	BUR
10101	99991231	04866	BUU
10101	99991231	93783	BUY
10101	99991231	12884	BVE
10101	99991231	04813	BVI
10101	99991231	26645	BVK
10101	99991231	54921	BVN
10101	99991231	03959	BVO
10101	99991231	94282	BVS
10101	99991231	53934	BVX
10101	99991231	54733	BVY
10101	99991231	93943	BWD
10101	99991231	93808	BWG
19790601	99991231	93721	BWI
10101	99991231	54922	BWP
10101	99991231	26416	BYA
10101	99991231	94054	BYG
10101	99991231	13814	BYH
10101	99991231	24133	BYI
10101	99991231	03182	BYS
20030327	99991231	12981	BYY
10101	99991231	24132	BZN
10101	99991231	04867	C09
19691101	19960621	04839	C19
10101	99991231	04868	C75
10101	99991231	93096	C96
10101	99991231	14817	CAD
10101	99991231	13883	CAE
10101	99991231	24046	CAG
10101	99991231	14895	CAK
10101	99991231	23051	CAO
10101	99991231	14607	CAR
10101	99991231	04907	CAV
10101	99991231	03732	CBE
10101	99991231	04908	CBF
10101	99991231	04909	CBG
10101	99991231	03037	CBK
10101	99991231	13825	CBM
10101	99991231	53884	CCO
10101	99991231	23254	CCR
10101	99991231	03038	CCU
10101	99991231	14966	CCY
10101	99991231	25624	CDB
10101	99991231	93129	CDC
10101	99991231	94977	CDD
10101	99991231	25315	CDE
10101	99991231	53916	CDJ
10101	99991231	26619	CDL
10101	99991231	24017	CDR
10101	99991231	23007	CDS
10101	99991231	26410	CDV
10101	99991231	54743	CDW
10101	99991231	24286	CEC
10101	99991231	14703	CEF
10101	99991231	26418	CEM
10101	99991231	53850	CEU
10101	99991231	13884	CEW
10101	99991231	93069	CEZ
10101	99991231	54901	CFE
10101	99991231	54828	CFS
10101	99991231	93967	CFV
10101	99991231	25317	CGA
10101	99991231	04805	CGF
10101	99991231	03935	CGI
10101	99991231	94866	CGX
10101	99991231	03914	CGZ
10101	99991231	13882	CHA
19390301	19740801	26417	CHB
19740528	19830720	94943	CHB
10101	99991231	53128	CHD
10101	99991231	14684	CHH
10101	99991231	53935	CHK
10101	99991231	93736	CHO
10101	99991231	26419	CHP
10101	99991231	13880	CHS
10101	99991231	13727	CHY
10101	99991231	23201	CIC
10101	99991231	93203	CIC
10101	99991231	14990	CID
10101	99991231	23071	CIE
10101	99991231	04910	CIN
10101	99991231	93809	CIR
10101	99991231	04869	CIU
10101	99991231	93798	CJR
10101	99991231	03802	CKB
10101	99991231	04911	CKC
10101	99991231	03881	CKL
10101	99991231	04912	CKN
10101	99991231	54920	CKP
10101	99991231	25505	CKS
10101	99991231	03894	CKV
10101	99991231	14820	CLE
10101	99991231	54832	CLI
10101	99991231	13999	CLK
10101	99991231	03904	CLL
10101	99991231	94266	CLM
10101	99991231	13881	CLT
10101	99991231	23136	CMA
10101	99991231	14821	CMH
10101	99991231	94870	CMI
10101	99991231	14858	CMX
10101	99991231	94940	CMY
10101	99991231	54923	CNB
10101	99991231	04913	CNC
10101	99991231	13984	CNK
10101	99991231	23086	CNM
10101	99991231	93033	CNM
10101	99991231	03179	CNO
10101	99991231	13981	CNU
10101	99991231	93075	CNY
10101	99991231	03068	CO90
10101	99991231	24045	COD
10101	99991231	24136	COE
10101	99991231	12867	COF
10101	99991231	14745	CON
10101	99991231	04914	COQ
10101	99991231	93037	COS
10101	99991231	12947	COT
10101	99991231	03945	COU
10101	99991231	13983	COU
10101	99991231	93799	CPC
10101	99991231	03701	CPK
10101	99991231	24089	CPR
10101	99991231	03960	CPS
10101	99991231	53981	CPT
10101	99991231	03039	CPW
10101	99991231	53936	CQB
10101	99991231	03027	CQC
10101	99991231	54905	CQM
10101	99991231	93134	CQT
10101	99991231	94199	CQV
19921201	99991231	94624	CQX
10101	99991231	26446	CRC
10101	99991231	93718	CRE
10101	99991231	53860	CRG
10101	99991231	12924	CRP
10101	99991231	03177	CRQ
10101	99991231	53912	CRS
10101	99991231	13866	CRW
10101	99991231	12879	CSB
19600101	19740901	25401	CSE
10101	99991231	93842	CSG
10101	99991231	25622	CSH
10101	99991231	03932	CSM
10101	99991231	25316	CSP
10101	99991231	04915	CSQ
10101	99991231	03847	CSV
10101	99991231	23151	CSY
10101	99991231	24137	CTB
10101	99991231	26636	CTH
10101	99991231	12833	CTY
10101	99991231	03727	CTZ
10101	99991231	53867	CUB
10101	99991231	26530	CUG
10101	99991231	53993	CUH
10101	99991231	63840	CUL
19990128	99991231	94032	CUT
10101	99991231	93829	CVD
10101	99991231	93814	CVG
10101	99991231	23077	CVN
10101	99991231	24202	CVO
10101	99991231	23008	CVS
10101	99991231	04870	CVX
10101	99991231	94890	CWA
10101	99991231	13941	CWF
10101	99991231	94979	CWI
10101	99991231	53902	CXO
19870515	99991231	14751	CXY
10101	99991231	24018	CYS
19430301	19840101	26445	CYT
10101	99991231	94034	CZD
10101	99991231	26633	CZF
10101	99991231	26646	CZF
10101	99991231	94204	CZK
10101	99991231	03164	CZZ
10101	99991231	94056	D07
10101	99991231	94944	D45
10101	99991231	93728	DAA
10101	99991231	12834	DAB
10101	99991231	23161	DAG
10101	99991231	13960	DAL
10101	99991231	13728	DAN
10101	99991231	54791	DAW
10101	99991231	93815	DAY
10101	99991231	63881	DBN
10101	99991231	94908	DBQ
10101	99991231	24140	DBS
10101	99991231	13743	DCA
10101	99991231	53852	DCU
10101	99991231	13985	DDC
19981020	99991231	54781	DDH
20000605	20110707	26486	DDT
10101	99991231	03887	DEC
10101	99991231	26643	DEE
10101	99991231	04916	DEH
10101	99991231	03017	DEN
19760101	19950228	23062	DEN
10101	99991231	53925	DEQ
10101	99991231	14822	DET
19990128	99991231	94119	DEW
10101	99991231	25515	DFB
10101	99991231	04851	DFI
10101	99991231	03927	DFW
10101	99991231	26649	DGG
10101	99991231	94057	DGW
10101	99991231	94909	DHL
10101	99991231	13839	DHN
10101	99991231	93843	DHN
10101	99991231	93042	DHT
10101	99991231	04135	DIJ
10101	99991231	24012	DIK
10101	99991231	04871	DKB
10101	99991231	14747	DKK
10101	99991231	03073	DKR
10101	99991231	22001	DLF
10101	99991231	25513	DLG
10101	99991231	14913	DLH
10101	99991231	54833	DLL
19670101	19730619	24138	DLN
19740404	19920801	24138	DLN
19970514	99991231	24138	DLN
10101	99991231	24219	DLS
10101	99991231	23109	DMA
10101	99991231	93784	DMH
10101	99991231	23078	DMN
10101	99991231	03994	DMO
10101	99991231	03724	DMW
10101	99991231	94984	DMX
10101	99991231	13837	DNL
10101	99991231	53885	DNN
19950228	99991231	23062	DNR
10101	99991231	04917	DNS
10101	99991231	94891	DNV
10101	99991231	13707	DOV
10101	99991231	94878	DPA
10101	99991231	94892	DPA
10101	99991231	24103	DPG
10101	99991231	03702	DPL
10101	99991231	63842	DQH
10101	99991231	03160	DRA
10101	99991231	03976	DRI
10101	99991231	54844	DRM
10101	99991231	93005	DRO
10101	99991231	22010	DRT
10101	99991231	23105	DSC
10101	99991231	24277	DSI
10101	99991231	14933	DSM
10101	99991231	94704	DSV
10101	99991231	23162	DTA
10101	99991231	94962	DTL
10101	99991231	53905	DTN
10101	99991231	03991	DTO
10101	99991231	53853	DTS
10101	99991231	94847	DTW
10101	99991231	53937	DUA
10101	99991231	53938	DUC
10101	99991231	93026	DUG
10101	99991231	04872	DUH
10101	99991231	04787	DUJ
10101	99991231	25616	DUT
10101	99991231	03070	DUX
10101	99991231	94928	DVL
10101	99991231	94982	DVN
10101	99991231	54924	DVP
10101	99991231	03184	DVT
10101	99991231	13813	DWF
10101	99991231	53910	DWH
10101	99991231	54734	DXR
10101	99991231	04918	DXX
10101	99991231	54786	DYL
10101	99991231	03809	DYR
10101	99991231	13910	DYS
10101	99991231	04919	DYT
19690801	19840310	03101	E03
20030401	20030519	53965	E15
10101	99991231	93077	E23
10101	99991231	03001	E28
10101	99991231	93094	E28
10101	99991231	93092	E33
10101	99991231	03049	E38
10101	99991231	93079	E74
10101	99991231	26422	EAA
10101	99991231	14905	EAR
10101	99991231	94239	EAT
10101	99991231	14991	EAU
10101	99991231	03983	EAX
10101	99991231	12983	EBG
10101	99991231	04920	EBS
10101	99991231	13786	ECG
10101	99991231	13787	ECG
10101	99991231	73805	ECP
10101	99991231	23098	ECU
10101	99991231	03703	EDE
10101	99991231	26401	EDF
10101	99991231	03197	EDW
10101	99991231	23114	EDW
10101	99991231	23179	EED
10101	99991231	94721	EEN
10101	99991231	94050	EEO
10101	99991231	53864	EET
10101	99991231	12906	EFD
19330301	19510315	93816	EFF
10101	99991231	54758	EFK
10101	99991231	04873	EFT
10101	99991231	23063	EGE
10101	99991231	03844	EGI
10101	99991231	54838	EGV
19920101	99991231	93076	EHA
10101	99991231	25623	EHM
10101	99991231	63843	EHO
10101	99991231	53886	EHR
10101	99991231	94719	EHT
10101	99991231	25519	EII
10101	99991231	26407	EIL
10101	99991231	24213	EKA
10101	99991231	26423	EKL
10101	99991231	04806	EKM
10101	99991231	13729	EKN
10101	99991231	24121	EKO
10101	99991231	63882	EKQ
10101	99991231	93992	ELD
10101	99991231	03977	ELK
10101	99991231	14748	ELM
10101	99991231	24220	ELN
10101	99991231	94964	ELO
10101	99991231	23044	ELP
10101	99991231	25357	ELV
10101	99991231	23154	ELY
10101	99991231	54757	ELZ
10101	99991231	24165	EMM
10101	99991231	13989	EMP
10101	99991231	03165	EMT
10101	99991231	03704	EMV
10101	99991231	26523	ENA
10101	99991231	13909	END
10101	99991231	53887	ENL
19930201	19940201	26650	ENM
19941001	99991231	26650	ENM
10101	99991231	26435	ENN
10101	99991231	24111	ENV
10101	99991231	24193	ENV
10101	99991231	04845	ENW
10101	99991231	53876	EOD
10101	99991231	04921	EOK
10101	99991231	24141	EPH
10101	99991231	14608	EPO
10101	99991231	53872	EQY
10101	99991231	14860	ERI
10101	99991231	25318	ERO
10101	99991231	12961	ERV
10101	99991231	26554	ERW
10101	99991231	04874	ERY
10101	99991231	14824	ESC
10101	99991231	94853	ESC
10101	99991231	13935	ESF
10101	99991231	03756	ESN
10101	99991231	94971	EST
10101	99991231	04875	ETB
10101	99991231	04922	ETH
10101	99991231	94162	ETM
10101	99991231	63872	EUF
10101	99991231	24221	EUG
10101	99991231	94195	EUL
10101	99991231	92808	EVB
10101	99991231	04923	EVM
10101	99991231	13885	EVR
10101	99991231	93817	EVV
10101	99991231	04111	EVW
10101	99991231	94156	EVW
10101	99991231	94726	EWB
10101	99991231	53939	EWK
10101	99991231	93719	EWN
10101	99991231	14734	EWR
10101	99991231	53888	EXX
19970101	99991231	53842	EYE
10101	99991231	03705	EYF
10101	99991231	12836	EYW
10101	99991231	03706	EZF
10101	99991231	53969	F05
19970722	19981008	53907	F54
10101	99991231	93735	FAF
10101	99991231	26411	FAI
10101	99991231	93996	FAM
10101	99991231	14914	FAR
10101	99991231	93193	FAT
10101	99991231	93740	FAY
10101	99991231	93737	FBG
10101	99991231	26403	FBK
10101	99991231	26498	FBK
10101	99991231	94969	FBL
18990503	20031025	24146	FCA
19760429	19820401	23167	FCH
10101	99991231	24047	FCL
10101	99991231	94963	FCM
10101	99991231	94015	FCS
10101	99991231	13730	FDK
10101	99991231	03981	FDR
10101	99991231	14825	FDY
10101	99991231	04876	FEP
10101	99991231	04924	FET
10101	99991231	94006	FEW
10101	99991231	03736	FFA
10101	99991231	53819	FFC
10101	99991231	04925	FFL
10101	99991231	94966	FFM
10101	99991231	13840	FFO
10101	99991231	53841	FFT
10101	99991231	03185	FFZ
10101	99991231	26406	FGJ
10101	99991231	04926	FGN
19930101	99991231	94276	FHR
10101	99991231	03124	FHU
10101	99991231	54792	FIG
10101	99991231	26507	FIR
10101	99991231	04780	FIT
10101	99991231	25319	FIV
10101	99991231	24170	FJS
10101	99991231	04927	FKA
10101	99991231	26555	FKK
10101	99991231	94868	FKL
10101	99991231	13763	FKN
10101	99991231	54818	FKS
10101	99991231	04840	FLD
10101	99991231	03103	FLG
10101	99991231	23250	FLI
10101	99991231	12849	FLL
10101	99991231	13744	FLO
10101	99991231	03918	FLP
10101	99991231	13921	FLV
10101	99991231	93733	FME
10101	99991231	14704	FMH
10101	99991231	23090	FMN
10101	99991231	12835	FMY
19860901	99991231	94957	FNB
10101	99991231	94035	FNL
10101	99991231	94062	FNL
19590101	19760429	23167	FNO
10101	99991231	14826	FNT
10101	99991231	53889	FOA
10101	99991231	23256	FOB
10101	99991231	94933	FOD
10101	99991231	13920	FOE
10101	99991231	14719	FOK
10101	99991231	93156	FON
10101	99991231	04928	FOZ
10101	99991231	04877	FPK
10101	99991231	12895	FPR
10101	99991231	53890	FQD
10101	99991231	54787	FRG
10101	99991231	13947	FRI
10101	99991231	94948	FRM
10101	99991231	14944	FSD
10101	99991231	04929	FSE
10101	99991231	13945	FSI
10101	99991231	13964	FSM
10101	99991231	93006	FSR
10101	99991231	22603	FSS
10101	99991231	23091	FST
10101	99991231	04930	FSW
10101	99991231	03018	FTG
10101	99991231	13807	FTK
10101	99991231	13961	FTW
10101	99991231	03888	FTY
10101	99991231	03166	FUL
10101	99991231	04836	FVE
10101	99991231	03707	FVX
10101	99991231	14827	FWA
10101	99991231	53891	FWC
19571201	19941001	13911	FWH
10101	99991231	26519	FWL
10101	99991231	54793	FWN
10101	99991231	03985	FWS
10101	99991231	12885	FXE
10101	99991231	03734	FYJ
10101	99991231	26413	FYU
10101	99991231	93993	FYV
10101	99991231	54773	FZY
10101	99991231	03896	GAD
10101	99991231	13975	GAG
10101	99991231	93764	GAI
10101	99991231	26501	GAL
10101	99991231	26703	GAM
10101	99991231	12993	GAO
10101	99991231	13940	GBD
10101	99991231	94959	GBG
10101	99991231	26465	GBH
10101	99991231	03148	GBN
10101	99991231	23168	GBN
10101	99991231	94023	GCC
10101	99991231	23116	GCE
10101	99991231	23064	GCK
10101	99991231	53940	GCM
10101	99991231	03195	GCN
10101	99991231	03829	GCY
10101	99991231	04999	GDB
10101	99991231	53977	GDJ
10101	99991231	23055	GDP
10101	99991231	24087	GDV
10101	99991231	13764	GED
10101	99991231	24157	GEG
10101	99991231	53126	GEU
10101	99991231	53892	GEV
10101	99991231	24048	GEY
19981015	99991231	53866	GEZ
10101	99991231	24112	GFA
10101	99991231	14916	GFK
10101	99991231	14750	GFL
10101	99991231	93159	GFS
10101	99991231	03901	GGG
10101	99991231	14976	GGI
10101	99991231	94008	GGW
10101	99991231	64774	GHG
10101	99991231	04931	GHW
10101	99991231	25320	GIA
10101	99991231	12876	GIF
10101	99991231	23066	GJT
10101	99991231	04843	GKJ
10101	99991231	26425	GKN
19981008	99991231	53907	GKY
10101	99991231	23065	GLD
10101	99991231	93929	GLE
10101	99991231	13939	GLH
10101	99991231	04854	GLR
10101	99991231	12923	GLS
10101	99991231	12944	GLSC
10101	99991231	26628	GLV
10101	99991231	53941	GMJ
10101	99991231	13886	GMU
10101	99991231	94992	GNA
10101	99991231	03056	GNC
10101	99991231	24142	GNG
10101	99991231	12990	GNI
19670110	19690208	13978	GNL
10101	99991231	94626	GNR
10101	99991231	93057	GNT
10101	99991231	12816	GNV
10101	99991231	23017	GOF
10101	99991231	53913	GOK
10101	99991231	14707	GON
10101	99991231	04878	GOV
20031025	99991231	24146	GPI
10101	99991231	53984	GPM
10101	99991231	93874	GPT
10101	99991231	94919	GPZ
10101	99991231	14898	GRB
10101	99991231	53874	GRD
10101	99991231	24201	GRF
10101	99991231	14935	GRI
10101	99991231	03902	GRK
10101	99991231	94860	GRR
19620212	19671001	13978	GRW
19690208	19700401	13978	GRW
10101	99991231	23283	GRY
10101	99991231	13713	GSB
10101	99991231	94010	GSG
10101	99991231	14829	GSH
10101	99991231	12991	GSM
10101	99991231	13723	GSO
10101	99991231	03870	GSP
10101	99991231	25322	GST
10101	99991231	14715	GTB
10101	99991231	24143	GTF
10101	99991231	53893	GTR
10101	99991231	53942	GTU
10101	99991231	93007	GUC
10101	99991231	13801	GUN
10101	99991231	23081	GUP
10101	99991231	94833	GUS
10101	99991231	03030	GUY
10101	99991231	53838	GVL
10101	99991231	13926	GVT
10101	99991231	03929	GVW
19700401	99991231	13978	GWO
10101	99991231	03708	GWW
10101	99991231	24051	GXY
10101	99991231	53979	GYB
10101	99991231	63889	GYH
10101	99991231	53967	GYI
10101	99991231	04932	GYL
10101	99991231	03186	GYR
10101	99991231	04807	GYY
19970331	99991231	53820	GZH
10101	99991231	93965	H63
10101	99991231	54850	HAI
10101	99991231	53855	HAO
19710101	19870515	14751	HAR
19570301	19950701	93729	HAT
10101	99991231	13833	HBG
10101	99991231	03709	HBI
10101	99991231	93986	HBR
10101	99991231	12994	HBV
10101	99991231	26521	HCA
10101	99991231	04933	HCD
10101	99991231	04934	HCO
10101	99991231	03908	HDC
10101	99991231	04935	HDE
10101	99991231	94025	HDN
10101	99991231	12962	HDO
10101	99991231	03710	HEF
10101	99991231	53894	HEG
10101	99991231	94038	HEI
10101	99991231	63873	HEY
10101	99991231	03961	HEZ
10101	99991231	14752	HFD
10101	99991231	93747	HFF
10101	99991231	93706	HGR
10101	99991231	93218	HGT
10101	99991231	03980	HGX
10101	99991231	93046	HHF
10101	99991231	22508	HHI
10101	99991231	22538	HHN
10101	99991231	03167	HHR
10101	99991231	94931	HIB
10101	99991231	54728	HIE
10101	99991231	24101	HIF
10101	99991231	94261	HIO
10101	99991231	04998	HJH
10101	99991231	53119	HJO
10101	99991231	53869	HKA
10101	99991231	21505	HKO
10101	99991231	13927	HKS
10101	99991231	03810	HKY
10101	99991231	26552	HLA
10101	99991231	93990	HLC
10101	99991231	14894	HLG
10101	99991231	93204	HLL
10101	99991231	24144	HLN
10101	99991231	03933	HLR
10101	99991231	53895	HLX
10101	99991231	26447	HLY
19461001	19841108	22524	HLY
10101	99991231	23002	HMN
10101	99991231	94187	HMS
10101	99991231	53896	HNB
10101	99991231	53127	HND
10101	99991231	25378	HNH
10101	99991231	22521	HNL
10101	99991231	04936	HNR
19630906	19680515	25323	HNS
19980605	99991231	25323	HNS
10101	99991231	03711	HNZ
10101	99991231	93034	HOB
10101	99991231	22523	HOG
10101	99991231	22528	HOG
10101	99991231	25507	HOM
10101	99991231	14936	HON
10101	99991231	13806	HOP
10101	99991231	03962	HOT
10101	99991231	12918	HOU
10101	99991231	26651	HPB
10101	99991231	94745	HPN
10101	99991231	94225	HQM
10101	99991231	63836	HQU
10101	99991231	53970	HQZ
19990128	99991231	04113	HRI
10101	99991231	03712	HRJ
10101	99991231	12904	HRL
10101	99991231	12996	HRL
10101	99991231	13971	HRO
10101	99991231	26499	HRR
10101	99991231	03852	HRT
10101	99991231	63852	HSA
10101	99991231	53897	HSB
19950701	99991231	93729	HSE
10101	99991231	94949	HSI
10101	99991231	93757	HSP
10101	99991231	12826	HST
10101	99991231	03856	HSV
10101	99991231	94814	HTL
10101	99991231	64761	HTO
10101	99991231	03860	HTS
10101	99991231	63883	HUA
10101	99991231	03868	HUF
10101	99991231	93823	HUF
10101	99991231	14609	HUL
10101	99991231	12927	HUM
10101	99991231	26522	HUS
10101	99991231	13986	HUT
10101	99991231	14758	HVN
10101	99991231	94012	HVR
10101	99991231	93228	HWD
10101	99991231	92809	HWO
10101	99991231	54790	HWV
19950101	99991231	63837	HXD
10101	99991231	94720	HYA
10101	99991231	25376	HYG
10101	99991231	12979	HYI
10101	99991231	94973	HYR
10101	99991231	03968	HYS
20001011	99991231	04829	HYX
10101	99991231	04997	HZX
19981202	99991231	04857	HZY
10101	99991231	26547	HZZ
19731101	19970101	53842	I14
10101	99991231	63884	I16
10101	99991231	03923	IAB
10101	99991231	12859	IAC
10101	99991231	93738	IAD
10101	99991231	04724	IAG
10101	99991231	04738	IAG
10101	99991231	12960	IAH
10101	99991231	24211	IAP
10101	99991231	94073	IBM
10101	99991231	46402	IBN
10101	99991231	04937	ICL
20070705	99991231	94990	ICR
10101	99991231	03928	ICT
10101	99991231	24145	IDA
10101	99991231	64706	IDI
10101	99991231	96401	IEC
10101	99991231	26444	IEM
19970611	99991231	94039	IEN
10101	99991231	53943	IER
10101	99991231	53135	IFP
10101	99991231	25521	IGG
10101	99991231	93167	IGM
10101	99991231	04879	IGQ
10101	99991231	93785	IGX
10101	99991231	04989	IIB
10101	99991231	53898	IIY
10101	99991231	54767	IJD
10101	99991231	53944	IJX
10101	99991231	04880	IKK
10101	99991231	25605	IKO
10101	99991231	25626	IKO
10101	99991231	04938	IKV
10101	99991231	03972	ILE
10101	99991231	13781	ILG
10101	99991231	25506	ILI
10101	99991231	14928	ILL
10101	99991231	13748	ILM
10101	99991231	13841	ILN
10101	99991231	04833	ILX
10101	99991231	24091	IML
10101	99991231	94893	IMT
10101	99991231	93819	IND
20060927	99991231	53972	INJ
10101	99991231	23040	INK
10101	99991231	14918	INL
10101	99991231	46403	INR
10101	99991231	23141	INS
10101	99991231	93807	INT
10101	99991231	23194	INW
10101	99991231	14937	IOW
10101	99991231	53899	IPJ
10101	99991231	03144	IPL
10101	99991231	14778	IPT
10101	99991231	14938	IRK
10101	99991231	54827	IRS
10101	99991231	92813	ISM
10101	99991231	94014	ISN
10101	99991231	93726	ISO
10101	99991231	04781	ISP
10101	99991231	04881	ISQ
10101	99991231	04826	ISW
10101	99991231	94761	ITH
10101	99991231	21504	ITO
10101	99991231	03026	ITR
10101	99991231	23104	IWA
10101	99991231	94926	IWD
19980101	99991231	94623	IWI
10101	99991231	12969	IWS
19780701	99991231	93909	IXD
10101	99991231	93194	IYK
10101	99991231	26443	IYS
19530101	19530430	26445	IYS
10101	99991231	93244	IZA
19980101	99991231	54772	IZG
10101	99991231	24166	JAC
10101	99991231	03940	JAN
10101	99991231	53945	JAS
10101	99991231	13889	JAX
10101	99991231	03953	JBR
10101	99991231	13973	JCT
10101	99991231	03942	JCY
10101	99991231	53978	JDD
10101	99991231	94051	JDN
10101	99991231	03963	JEF
19970301	99991231	04110	JER
10101	99991231	94789	JFK
10101	99991231	03730	JGG
10101	99991231	22552	JHM
10101	99991231	04720	JHW
10101	99991231	63885	JKA
10101	99991231	04939	JKJ
10101	99991231	03889	JKL
10101	99991231	13987	JLN
10101	99991231	04940	JMR
10101	99991231	14919	JMS
10101	99991231	25309	JNU
10101	99991231	03713	JNX
10101	99991231	14834	JOT
10101	99991231	63801	JQF
10101	99991231	22551	JRF
10101	99991231	53971	JSO
10101	99991231	04726	JST
10101	99991231	53946	JSV
10101	99991231	94854	JVL
10101	99991231	96402	JVM
10101	99991231	53947	JWG
19320101	19400430	14880	JWK
20030728	99991231	53966	JWY
10101	99991231	53982	JXI
10101	99991231	14833	JXN
10101	99991231	54906	JYG
10101	99991231	63846	JYL
10101	99991231	04882	JYM
10101	99991231	03714	JYO
10101	99991231	14989	JYR
19770713	19800519	14964	K20
10101	99991231	26502	KAL
10101	99991231	25314	KBE
10101	99991231	03909	KCK
10101	99991231	14912	KDLR
10101	99991231	94136	KGH
10101	99991231	26602	KKA
10101	99991231	26503	KKS
10101	99991231	26652	KLG
10101	99991231	24223	KLS
10101	99991231	21510	KOA
10101	99991231	26614	KOU
10101	99991231	26639	KPC
10101	99991231	03187	KQIS
10101	99991231	03941	KQZK
10101	99991231	26647	KSM
10101	99991231	25325	KTN
10101	99991231	26642	KVL
10101	99991231	63903	L16
10101	99991231	53995	L75
10101	99991231	03013	LAA
10101	99991231	12954	LAB
10101	99991231	14835	LAF
10101	99991231	12883	LAL
10101	99991231	93091	LAM
10101	99991231	14836	LAN
10101	99991231	24022	LAR
10101	99991231	23169	LAS
10101	99991231	03950	LAW
10101	99991231	23174	LAX
10101	99991231	23042	LBB
10101	99991231	93170	LBC
10101	99991231	54735	LBE
10101	99991231	24023	LBF
10101	99991231	23020	LBL
10101	99991231	53963	LBR
10101	99991231	13776	LBT
19880526	99991231	12976	LBX
10101	99991231	54925	LCG
10101	99991231	03937	LCH
10101	99991231	54736	LCI
10101	99991231	13812	LCK
10101	99991231	04883	LDM
10101	99991231	14776	LEB
10101	99991231	94765	LEB
10101	99991231	12819	LEE
10101	99991231	94709	LEW
10101	99991231	93820	LEX
10101	99991231	13702	LFI
10101	99991231	93987	LFK
10101	99991231	13976	LFT
10101	99991231	14732	LGA
10101	99991231	23129	LGB
10101	99991231	03821	LGC
10101	99991231	24148	LGD
10101	99991231	94128	LGU
10101	99991231	53973	LHB
10101	99991231	26491	LHD
10101	99991231	53844	LHQ
10101	99991231	03168	LHU
10101	99991231	03875	LHW
10101	99991231	23067	LHX
10101	99991231	03731	LHZ
10101	99991231	93010	LIC
10101	99991231	22536	LIH
10101	99991231	13963	LIT
10101	99991231	26428	LIV
19940125	99991231	53813	LIX
10101	99991231	14623	LIZ
10101	99991231	04941	LJF
19810522	19880526	12976	LJN
10101	99991231	03715	LKU
10101	99991231	94285	LKV
19981008	99991231	04114	LLJ
10101	99991231	53919	LLQ
10101	99991231	94236	LMT
10101	99991231	53975	LNC
10101	99991231	24021	LND
10101	99991231	27512	LNI
10101	99991231	14904	LNK
10101	99991231	14939	LNK
10101	99991231	14886	LNL
10101	99991231	04809	LNN
10101	99991231	63802	LNP
10101	99991231	14921	LNR
10101	99991231	54737	LNS
19841108	20080901	22524	LNY
20091022	99991231	22524	LNY
10101	99991231	24172	LOL
10101	99991231	64752	LOM
10101	99991231	53861	LOR
10101	99991231	04831	LOT
10101	99991231	13810	LOU
10101	99991231	03849	LOZ
10101	99991231	23243	LPC
19981008	99991231	04849	LPR
10101	99991231	25327	LPW
10101	99991231	12907	LRD
10101	99991231	03930	LRF
10101	99991231	04942	LRJ
10101	99991231	25326	LRK
10101	99991231	93041	LRU
10101	99991231	23012	LRY
10101	99991231	14920	LSE
10101	99991231	13829	LSF
10101	99991231	23112	LSV
10101	99991231	03982	LSX
10101	99991231	13902	LTS
10101	99991231	26427	LTU
20030519	99991231	53964	LUD
10101	99991231	23111	LUF
10101	99991231	93812	LUK
10101	99991231	13834	LUL
10101	99991231	04995	LUM
10101	99991231	26631	LUR
19981008	99991231	12975	LVJ
10101	99991231	23285	LVK
10101	99991231	24150	LVM
10101	99991231	04943	LVN
19960422	20110621	26557	LVR
10101	99991231	23054	LVS
10101	99991231	54826	LWA
10101	99991231	53801	LWB
10101	99991231	03997	LWC
19981203	99991231	94991	LWD
10101	99991231	94723	LWM
10101	99991231	24149	LWS
10101	99991231	24036	LWT
10101	99991231	13809	LWV
10101	99991231	93767	LWX
10101	99991231	04944	LXL
10101	99991231	14994	LXN
10101	99991231	53879	LXT
10101	99991231	93009	LXV
10101	99991231	13733	LYH
10101	99991231	54926	LYV
19941001	99991231	03952	LZK
10101	99991231	63803	LZU
10101	99991231	13917	M19
10101	99991231	63851	M30
10101	99991231	00100	M89
10101	99991231	13892	MAC
10101	99991231	93242	MAE
10101	99991231	23023	MAF
10101	99991231	03818	MAI
10101	99991231	22537	MAK
10101	99991231	03817	MAW
10101	99991231	11653	MAZ
10101	99991231	94052	MBG
10101	99991231	94894	MBL
10101	99991231	14845	MBS
10101	99991231	93919	MCB
10101	99991231	23208	MCC
10101	99991231	54820	MCD
10101	99991231	23257	MCE
10101	99991231	12810	MCF
10101	99991231	26510	MCG
10101	99991231	03947	MCI
10101	99991231	24004	MCK
10101	99991231	94040	MCK
10101	99991231	14783	MCL
10101	99991231	03813	MCN
10101	99991231	12815	MCO
10101	99991231	14940	MCW
10101	99991231	03071	MDD
10101	99991231	93810	MDH
10101	99991231	13811	MDN
10101	99991231	25402	MDO
10101	99991231	25403	MDO
10101	99991231	63804	MDQ
10101	99991231	14711	MDT
10101	99991231	14819	MDW
10101	99991231	54911	MDZ
10101	99991231	93782	MEB
10101	99991231	24152	MEH
10101	99991231	13865	MEI
10101	99991231	13893	MEM
10101	99991231	23203	MER
10101	99991231	53996	MEZ
10101	99991231	14891	MFD
10101	99991231	12959	MFE
10101	99991231	94985	MFI
10101	99991231	24225	MFR
10101	99991231	03716	MFV
10101	99991231	13864	MGE
10101	99991231	04945	MGG
10101	99991231	04789	MGJ
10101	99991231	93876	MGL
10101	99991231	13895	MGM
10101	99991231	04884	MGN
10101	99991231	53817	MGR
10101	99991231	13736	MGW
10101	99991231	53859	MGY
10101	99991231	94950	MHE
10101	99991231	03936	MHK
10101	99991231	26512	MHM
10101	99991231	23206	MHR
10101	99991231	24215	MHS
10101	99991231	14710	MHT
10101	99991231	03183	MHV
10101	99991231	12839	MIA
10101	99991231	94011	MIB
10101	99991231	94960	MIC
10101	99991231	94895	MIE
10101	99991231	13735	MIV
10101	99991231	94988	MIW
10101	99991231	04946	MJQ
10101	99991231	13988	MKC
10101	99991231	14839	MKE
10101	99991231	03874	MKF
10101	99991231	14840	MKG
10101	99991231	63805	MKJ
10101	99991231	22534	MKK
10101	99991231	03811	MKL
10101	99991231	53997	MKN
10101	99991231	93953	MKO
10101	99991231	14954	MKT
10101	99991231	04834	MKX
10101	99991231	12838	MLB
10101	99991231	93950	MLC
10101	99991231	24151	MLD
10101	99991231	04992	MLE
10101	99991231	23176	MLF
10101	99991231	14923	MLI
10101	99991231	63886	MLJ
10101	99991231	24154	MLP
10101	99991231	24037	MLS
10101	99991231	14610	MLT
10101	99991231	13942	MLU
10101	99991231	26524	MLY
10101	99991231	03181	MMH
10101	99991231	54788	MMK
10101	99991231	94976	MML
10101	99991231	94887	MMO
10101	99991231	03858	MMT
10101	99991231	54738	MMU
10101	99991231	94273	MMV
10101	99991231	03040	MNH
10101	99991231	94896	MNM
10101	99991231	04855	MNN
10101	99991231	13894	MOB
10101	99991231	23258	MOD
10101	99991231	04885	MOP
10101	99991231	26620	MOS
10101	99991231	24013	MOT
10101	99991231	26621	MOU
10101	99991231	26635	MOU
10101	99991231	04948	MOX
19410923	19510318	26429	MPK
10101	99991231	54789	MPO
10101	99991231	94705	MPV
10101	99991231	04947	MPZ
10101	99991231	04949	MQB
10101	99991231	13766	MQI
10101	99991231	24107	MQM
10101	99991231	94850	MQT
10101	99991231	13827	MQY
10101	99991231	13734	MRB
10101	99991231	93035	MRF
10101	99991231	93765	MRH
19540204	99991231	26409	MRI
10101	99991231	54907	MRJ
10101	99991231	63859	MRN
10101	99991231	23259	MRY
10101	99991231	13896	MSL
10101	99991231	14837	MSN
10101	99991231	24153	MSO
10101	99991231	14911	MSP
10101	99991231	14922	MSP
10101	99991231	14947	MSP
10101	99991231	94725	MSS
10101	99991231	54746	MSV
10101	99991231	12916	MSY
10101	99991231	14804	MTC
10101	99991231	12896	MTH
10101	99991231	93013	MTJ
10101	99991231	26448	MTK
10101	99991231	25377	MTM
10101	99991231	93744	MTN
10101	99991231	53802	MTO
10101	99991231	54780	MTP
10101	99991231	63806	MTV
10101	99991231	94897	MTW
10101	99991231	22539	MUE
10101	99991231	93877	MUF
10101	99991231	54723	MUI
10101	99991231	13835	MUL
10101	99991231	24106	MUO
10101	99991231	04950	MUT
10101	99991231	13771	MUV
10101	99991231	93875	MVC
10101	99991231	04951	MVE
10101	99991231	54771	MVL
10101	99991231	93894	MVN
10101	99991231	94724	MVY
10101	99991231	03865	MWA
10101	99991231	94869	MWC
10101	99991231	24110	MWH
10101	99991231	63807	MWK
10101	99991231	93985	MWL
10101	99991231	04952	MWM
10101	99991231	14755	MWN
10101	99991231	63887	MWO
10101	99991231	93136	MWS
10101	99991231	53921	MWT
10101	99991231	13821	MXF
10101	99991231	94150	MXN
10101	99991231	04953	MXO
10101	99991231	03131	MYF
10101	99991231	94182	MYL
10101	99991231	03041	MYP
10101	99991231	13717	MYR
19821105	99991231	26622	MYU
10101	99991231	93205	MYV
10101	99991231	04954	MZH
10101	99991231	94852	MZZ
19910822	99991231	94041	N60
10101	99991231	94731	N66
10101	99991231	93788	N78
10101	99991231	13815	NAB
10101	99991231	22514	NAX
10101	99991231	93831	NBC
10101	99991231	93901	NBE
10101	99991231	12958	NBG
10101	99991231	93211	NBJ
10101	99991231	14855	NBU
10101	99991231	93727	NCA
10101	99991231	93830	NCQ
10101	99991231	26436	NDI
10101	99991231	03840	NDP
10101	99991231	13751	NDV
10101	99991231	53847	NDZ
10101	99991231	93836	NEA
10101	99991231	24244	NEJ
10101	99991231	14780	NEL
10101	99991231	63890	NEN
10101	99991231	13943	NEW
10101	99991231	53917	NEW
10101	99991231	14856	NFB
10101	99991231	13762	NFE
10101	99991231	03154	NFG
10101	99991231	53848	NFJ
10101	99991231	93102	NFL
19941001	99991231	13911	NFW
10101	99991231	22519	NGF
10101	99991231	12926	NGP
10101	99991231	13750	NGU
10101	99991231	12946	NGW
10101	99991231	23239	NGZ
10101	99991231	13721	NHK
10101	99991231	93826	NHX
10101	99991231	14611	NHZ
10101	99991231	93104	NID
10101	99991231	03934	NIL
10101	99991231	93837	NIP
10101	99991231	12925	NIR
10101	99991231	03146	NJK
10101	99991231	23199	NJK
10101	99991231	93743	NJM
10101	99991231	53849	NJW
10101	99991231	13754	NKT
10101	99991231	03190	NKX
10101	99991231	93107	NKX
10101	99991231	23110	NLC
10101	99991231	03866	NMM
10101	99991231	93125	NMQ
10101	99991231	54798	NNBC
10101	99991231	94627	NNBN
10101	99991231	12974	NOG
10101	99991231	24228	NOW
10101	99991231	03855	NPA
10101	99991231	22517	NPS
10101	99991231	93839	NQA
10101	99991231	12928	NQI
10101	99991231	93828	NQS
10101	99991231	12850	NQX
10101	99991231	94297	NRA
10101	99991231	03853	NRB
10101	99991231	23240	NRC
19610101	19680531	12854	NRJ
20100917	99991231	11630	NRR
10101	99991231	93115	NRS
10101	99991231	14786	NSC
10101	99991231	93841	NSE
10101	99991231	93116	NSI
10101	99991231	23245	NSU
10101	99991231	93106	NTB
10101	99991231	93111	NTD
10101	99991231	93114	NTK
10101	99991231	13769	NTU
10101	99991231	93117	NUC
10101	99991231	03757	NUI
10101	99991231	03815	NUN
10101	99991231	23244	NUQ
19570101	19700331	93909	NUU
10101	99991231	24255	NUW
10101	99991231	12973	NVT
10101	99991231	93121	NXP
10101	99991231	14793	NXX
10101	99991231	94706	NYC
10101	99991231	94728	NYC
10101	99991231	13773	NYG
10101	99991231	03145	NYL
10101	99991231	93832	NZC
10101	99991231	93101	NZJ
10101	99991231	14790	NZW
10101	99991231	93112	NZY
19980601	19981015	94299	O00
19980331	19981015	93241	O45
10101	99991231	94262	O87
10101	99991231	93753	OAJ
10101	99991231	23230	OAK
10101	99991231	03841	OAKT
10101	99991231	93217	OAR
10101	99991231	12861	OCF
10101	99991231	53948	OCH
10101	99991231	23181	OCN
10101	99991231	03741	OCW
10101	99991231	03031	ODO
10101	99991231	94958	ODX
10101	99991231	04886	OEB
10101	99991231	54912	OEO
10101	99991231	14949	OFF
10101	99991231	14941	OFK
19960101	99991231	93775	OFP
10101	99991231	94063	OGA
10101	99991231	53854	OGB
10101	99991231	24126	OGD
10101	99991231	22516	OGG
10101	99991231	26632	OHC
10101	99991231	03967	OJC
10101	99991231	53121	OKB
10101	99991231	13967	OKC
10101	99991231	54807	OKK
10101	99991231	53949	OKM
10101	99991231	03717	OKV
10101	99991231	94703	OKX
10101	99991231	14622	OLD
10101	99991231	04722	OLE
10101	99991231	94017	OLF
10101	99991231	27403	OLI
10101	99991231	24227	OLM
19990728	99991231	03196	OLS
10101	99991231	94951	OLU
10101	99991231	63808	OLV
10101	99991231	53822	OLY
10101	99991231	04955	OLZ
10101	99991231	14942	OMA
10101	99991231	26617	OME
10101	99991231	03718	OMH
10101	99991231	94197	OMK
10101	99991231	92822	OMN
10101	99991231	04956	ONA
10101	99991231	04957	ONL
10101	99991231	93040	ONM
10101	99991231	24162	ONO
10101	99991231	24285	ONP
10101	99991231	03102	ONT
10101	99991231	03737	ONX
10101	99991231	54819	ONZ
10101	99991231	54919	OOA
10101	99991231	26653	OOK
10101	99991231	12882	OPF
10101	99991231	63809	OPN
10101	99991231	53868	OQT
19841201	99991231	54752	OQU
10101	99991231	04958	ORB
10101	99991231	04959	ORC
10101	99991231	94846	ORD
10101	99991231	54756	ORE
10101	99991231	13737	ORF
10101	99991231	53998	ORG
10101	99991231	94746	ORH
10101	99991231	12841	ORL
10101	99991231	04224	ORS
10101	99991231	26412	ORT
10101	99991231	53962	OSA
10101	99991231	14808	OSC
10101	99991231	94855	OSH
10101	99991231	04804	OSU
10101	99991231	94927	OTG
10101	99991231	24284	OTH
10101	99991231	14950	OTM
10101	99991231	26616	OTZ
10101	99991231	03948	OUN
19700101	19860901	93012	OV2
10101	99991231	93210	OVE
10101	99991231	04960	OVL
10101	99991231	94994	OVS
10101	99991231	04961	OWA
10101	99991231	53803	OWB
10101	99991231	54704	OWD
10101	99991231	24173	OWY
10101	99991231	93786	OXB
10101	99991231	64707	OXC
10101	99991231	93110	OXR
10101	99991231	04962	OXV
10101	99991231	03850	OZR
10101	99991231	04887	OZW
10101	99991231	12963	P00
19860911	19950630	24024	P05
10101	99991231	93081	P07
10101	99991231	94021	P24
19910716	19910822	94041	P24
10101	99991231	03957	P28
10101	99991231	03163	P38
10101	99991231	54813	P53
10101	99991231	94898	P58
10101	99991231	94899	P59
10101	99991231	94173	P60
10101	99991231	03169	P65
10101	99991231	03170	P68
10101	99991231	04109	P69
10101	99991231	04856	P75
10101	99991231	12968	P92
10101	99991231	23264	PAA
10101	99991231	93208	PAA
10101	99991231	24203	PAE
10101	99991231	24222	PAE
19930801	99991231	03816	PAH
10101	99991231	22526	PAK
10101	99991231	26433	PALA2
10101	99991231	13846	PAM
10101	99991231	23289	PAO
10101	99991231	25331	PAQ
10101	99991231	27506	PBA
10101	99991231	93988	PBF
10101	99991231	04742	PBG
10101	99991231	64776	PBG
10101	99991231	54913	PBH
10101	99991231	12844	PBI
10101	99991231	25628	PBV
10101	99991231	04832	PBZ
10101	99991231	92824	PCM
10101	99991231	54852	PCZ
10101	99991231	04963	PDC
10101	99991231	53863	PDK
10101	99991231	24262	PDM
10101	99991231	24155	PDT
10101	99991231	24229	PDX
10101	99991231	04964	PEA
10101	99991231	23029	PEF
10101	99991231	54778	PEO
10101	99991231	03058	PEQ
10101	99991231	54927	PEX
10101	99991231	03882	PFN
10101	99991231	03162	PGA
10101	99991231	12812	PGD
10101	99991231	53804	PGL
10101	99991231	23265	PGU
10101	99991231	13783	PGV
10101	99991231	04852	PHD
10101	99991231	93741	PHF
10101	99991231	13739	PHL
10101	99991231	04888	PHN
10101	99991231	26601	PHO
10101	99991231	26623	PHO
19410801	19860911	24024	PHP
19980626	99991231	24024	PHP
10101	99991231	03833	PHT
10101	99991231	23183	PHX
10101	99991231	14842	PIA
10101	99991231	53808	PIB
10101	99991231	12873	PIE
10101	99991231	24156	PIH
19571101	19610531	12957	PIL
19981022	99991231	12957	PIL
10101	99991231	24025	PIR
10101	99991231	94823	PIT
10101	99991231	26624	PIZ
10101	99991231	26638	PIZ
10101	99991231	03804	PKB
10101	99991231	94967	PKD
10101	99991231	14962	PKF
10101	99991231	14760	PKL
10101	99991231	12986	PKV
10101	99991231	94733	PLB
10101	99991231	25340	PLI
10101	99991231	14841	PLN
10101	99991231	23182	PMD
10101	99991231	25625	PML
10101	99991231	92805	PMP
10101	99991231	94086	PNA
10101	99991231	13969	PNC
10101	99991231	94732	PNE
10101	99991231	54914	PNM
10101	99991231	13899	PNS
10101	99991231	04889	PNT
10101	99991231	13923	PNX
10101	99991231	13714	POB
10101	99991231	03180	POC
10101	99991231	03931	POE
10101	99991231	03975	POF
20010703	99991231	26492	POR
10101	99991231	14757	POU
19490501	19831201	25348	POX
10101	99991231	24060	POY
10101	99991231	03052	PPA
10101	99991231	23267	PPD
10101	99991231	23282	PPD
10101	99991231	03998	PPF
10101	99991231	53950	PPQ
10101	99991231	14604	PQI
10101	99991231	53858	PQL
10101	99991231	04965	PQN
10101	99991231	93209	PRB
10101	99991231	23184	PRC
10101	99991231	13844	PRF
10101	99991231	63810	PRG
10101	99991231	63874	PRN
10101	99991231	25330	PRT
10101	99991231	93955	PRX
10101	99991231	14761	PSB
10101	99991231	24163	PSC
10101	99991231	14763	PSF
10101	99991231	25329	PSG
10101	99991231	13868	PSK
10101	99991231	04743	PSM
10101	99991231	93983	PSN
10101	99991231	93138	PSP
10101	99991231	12935	PSX
10101	99991231	93714	PTB
10101	99991231	25508	PTH
10101	99991231	26526	PTI
10101	99991231	94817	PTK
10101	99991231	12936	PTN
10101	99991231	93978	PTT
10101	99991231	25604	PTU
10101	99991231	25613	PTU
10101	99991231	23149	PTV
10101	99991231	54782	PTW
10101	99991231	93058	PUB
10101	99991231	93141	PUC
19640101	19930801	03816	PUK
10101	99991231	94129	PUW
10101	99991231	64708	PVC
10101	99991231	14765	PVD
10101	99991231	53951	PVJ
10101	99991231	24174	PVU
10101	99991231	23097	PVW
10101	99991231	03954	PWA
10101	99991231	54915	PWC
10101	99991231	53952	PWG
10101	99991231	04838	PWK
10101	99991231	14764	PWM
10101	99991231	94263	PWT
10101	99991231	26484	PXK
10101	99991231	54769	PYM
10101	99991231	03045	PYX
10101	99991231	54825	PZQ
10101	99991231	04134	QCA
10101	99991231	23118	RAA
10101	99991231	94818	RAC
10101	99991231	25332	RAD
10101	99991231	03171	RAL
10101	99991231	14806	RAN
10101	99991231	24090	RAP
10101	99991231	12995	RAS
10101	99991231	03971	RBD
10101	99991231	24231	RBG
10101	99991231	24216	RBL
20100603	99991231	12984	RBO
10101	99991231	26561	RBY
10101	99991231	24006	RCA
10101	99991231	54928	RCX
10101	99991231	03738	RCZ
10101	99991231	24257	RDD
10101	99991231	14712	RDG
10101	99991231	14767	RDG
10101	99991231	04966	RDK
10101	99991231	24230	RDM
10101	99991231	94925	RDR
10101	99991231	13722	RDU
10101	99991231	23021	REE
10101	99991231	94022	REJ
10101	99991231	94107	REO
10101	99991231	94822	RFD
10101	99991231	04967	RGK
10101	99991231	04803	RHI
10101	99991231	63811	RHP
10101	99991231	93232	RHV
10101	99991231	13740	RIC
10101	99991231	03846	RID
10101	99991231	94970	RIE
10101	99991231	03016	RIL
19640421	19661110	23069	RIL
10101	99991231	23119	RIV
10101	99991231	24061	RIW
10101	99991231	94601	RKD
10101	99991231	12972	RKP
10101	99991231	53953	RKR
10101	99991231	24027	RKS
10101	99991231	24050	RLG
10101	99991231	14717	RME
10101	99991231	64775	RME
10101	99991231	93801	RMG
10101	99991231	03735	RMN
10101	99991231	13746	RMT
10101	99991231	54821	RMY
10101	99991231	12911	RND
10101	99991231	04968	RNH
10101	99991231	23043	RNM
10101	99991231	53120	RNM
10101	99991231	23185	RNO
10101	99991231	54824	RNP
10101	99991231	94248	RNT
10101	99991231	13741	ROA
10101	99991231	14768	ROC
10101	99991231	53954	ROG
10101	99991231	04969	ROS
10101	99991231	23009	ROW
10101	99991231	04970	ROX
10101	99991231	54909	RPD
20030519	99991231	53965	RPH
10101	99991231	04890	RPJ
10101	99991231	14864	RQB
10101	99991231	03029	RQE
10101	99991231	53999	RQO
19960101	19990111	92802	RRF
10101	99991231	04891	RRL
10101	99991231	04971	RRT
10101	99991231	26654	RSH
10101	99991231	93997	RSL
10101	99991231	53958	RSN
10101	99991231	14925	RST
10101	99991231	63841	RSV
10101	99991231	12894	RSW
10101	99991231	23052	RTN
10101	99991231	53920	RUE
19650104	19870609	93083	RUI
10101	99991231	94736	RUM
10101	99991231	63812	RUQ
10101	99991231	94737	RUT
10101	99991231	53908	RVS
10101	99991231	14992	RWF
10101	99991231	93759	RWI
10101	99991231	24057	RWL
10101	99991231	23901	RWV
19980801	99991231	94194	RXE
10101	99991231	54834	RYV
10101	99991231	63813	RYY
10101	99991231	04972	RZN
10101	99991231	93781	RZZ
10101	99991231	94264	S11
19810101	19930101	94276	S19
19980313	19990128	04113	S22
19860901	99991231	93012	S29
10101	99991231	24195	S80
10101	99991231	23232	SAC
10101	99991231	93084	SAD
10101	99991231	23049	SAF
10101	99991231	23188	SAN
10101	99991231	63814	SAR
10101	99991231	12921	SAT
10101	99991231	03822	SAV
10101	99991231	94836	SAW
10101	99991231	54910	SAZ
10101	99991231	23190	SBA
10101	99991231	23122	SBD
10101	99991231	04841	SBM
10101	99991231	14848	SBN
10101	99991231	94848	SBN
10101	99991231	93206	SBP
10101	99991231	94033	SBS
10101	99991231	93720	SBY
10101	99991231	27406	SCC
10101	99991231	04741	SCH
10101	99991231	23237	SCK
10101	99991231	04973	SDA
10101	99991231	23187	SDB
10101	99991231	93821	SDF
10101	99991231	03192	SDL
10101	99991231	03178	SDM
10101	99991231	25617	SDP
10101	99991231	94028	SDY
10101	99991231	24233	SEA
10101	99991231	03172	SEE
10101	99991231	53143	SEE
10101	99991231	93122	SEE
10101	99991231	14770	SEG
10101	99991231	13850	SEM
10101	99991231	03969	SEP
10101	99991231	13804	SER
19981008	99991231	53904	SET
10101	99991231	94290	SEW
19720301	99991231	12854	SFB
19970319	20070705	94990	SFD
10101	99991231	94176	SFF
10101	99991231	64709	SFM
10101	99991231	23234	SFO
10101	99991231	03719	SFQ
10101	99991231	04996	SFY
10101	99991231	64710	SFZ
10101	99991231	13995	SGF
10101	99991231	03867	SGH
10101	99991231	63888	SGH
10101	99991231	92814	SGJ
10101	99991231	12977	SGR
10101	99991231	04974	SGS
10101	99991231	13925	SGT
10101	99991231	23186	SGU
19620507	19690912	25335	SGX
19690912	99991231	25335	SGY
10101	99991231	93760	SHD
10101	99991231	26513	SHG
10101	99991231	26625	SHH
10101	99991231	04975	SHL
10101	99991231	94227	SHN
10101	99991231	24029	SHR
10101	99991231	13957	SHV
10101	99991231	03763	SIF
19880622	19940125	53813	SIL
10101	99991231	25333	SIT
10101	99991231	24259	SIY
10101	99991231	23293	SJC
10101	99991231	93027	SJN
10101	99991231	23034	SJT
10101	99991231	11641	SJU
10101	99991231	04892	SJX
10101	99991231	24114	SKA
10101	99991231	12909	SKF
10101	99991231	25517	SKJ
10101	99991231	26514	SKW
10101	99991231	03012	SKX
10101	99991231	14846	SKY
10101	99991231	04976	SLB
10101	99991231	24127	SLC
10101	99991231	24232	SLE
10101	99991231	53955	SLG
10101	99991231	04893	SLH
10101	99991231	53141	SLI
10101	99991231	94740	SLK
10101	99991231	03919	SLN
10101	99991231	93998	SLN
10101	99991231	03879	SLO
10101	99991231	26553	SLQ
10101	99991231	93937	SLR
10101	99991231	63815	SME
10101	99991231	93225	SMF
10101	99991231	24196	SMN
10101	99991231	93197	SMO
10101	99991231	24237	SMP
10101	99991231	54785	SMQ
10101	99991231	26439	SMU
10101	99991231	23273	SMX
10101	99991231	93184	SNA
10101	99991231	03050	SNK
10101	99991231	93911	SNL
10101	99991231	25713	SNP
10101	99991231	23233	SNS
10101	99991231	04112	SNT
10101	99991231	24030	SNY
10101	99991231	03059	SOA
10101	99991231	26629	SOL
10101	99991231	03720	SOP
10101	99991231	25516	SOV
19600724	19690801	03101	SOW
19840310	99991231	03101	SOW
10101	99991231	93804	SPA
19981203	99991231	04201	SPB
10101	99991231	03028	SPD
10101	99991231	92806	SPG
10101	99991231	93822	SPI
10101	99991231	13931	SPS
10101	99991231	13966	SPS
10101	99991231	14972	SPW
10101	99991231	04894	SQI
10101	99991231	93231	SQL
10101	99991231	53985	SRC
10101	99991231	23902	SRE
10101	99991231	23211	SRF
10101	99991231	12910	SRO
10101	99991231	12814	SRQ
10101	99991231	12871	SRQ
19871204	99991231	93083	SRR
10101	99991231	13849	SSC
10101	99991231	12970	SSF
10101	99991231	13878	SSI
10101	99991231	25341	SSR
10101	99991231	26527	SSV
10101	99991231	14926	STC
10101	99991231	04895	STE
10101	99991231	13993	STJ
10101	99991231	13994	STL
10101	99991231	14927	STP
10101	99991231	23213	STS
10101	99991231	23274	STS
10101	99991231	11640	STT
10101	99991231	11624	STX
10101	99991231	92815	SUA
10101	99991231	04824	SUE
10101	99991231	94161	SUN
10101	99991231	03966	SUS
10101	99991231	03721	SUT
10101	99991231	23202	SUU
10101	99991231	54908	SUW
10101	99991231	14943	SUX
10101	99991231	26704	SVA
10101	99991231	93063	SVC
10101	99991231	24258	SVE
10101	99991231	63816	SVH
10101	99991231	13824	SVN
10101	99991231	26449	SVS
10101	99991231	26534	SVW
10101	99991231	26438	SWD
10101	99991231	14714	SWF
10101	99991231	03965	SWO
10101	99991231	23033	SWW
10101	99991231	26559	SXQ
10101	99991231	24235	SXT
10101	99991231	45715	SYA
10101	99991231	12930	SYC
10101	99991231	54930	SYN
10101	99991231	14771	SYR
10101	99991231	13930	SZL
10101	99991231	04129	SZT
19970410	19981008	12975	T02
19980917	19981022	12957	T31
19750301	19761130	53903	T39
20030122	20030327	03044	T49
20030817	20100603	12984	T53
10101	99991231	94189	T62
10101	99991231	12980	T65
10101	99991231	12992	T70
10101	99991231	93947	T82
10101	99991231	23070	TAD
10101	99991231	26529	TAL
10101	99991231	54777	TAN
10101	99991231	63817	TAZ
10101	99991231	03938	TBN
10101	99991231	63818	TBR
10101	99991231	23048	TCC
10101	99991231	93806	TCL
10101	99991231	24207	TCM
10101	99991231	94216	TCM
10101	99991231	93045	TCS
10101	99991231	03722	TDF
10101	99991231	24241	TDO
10101	99991231	04848	TDZ
10101	99991231	94741	TEB
10101	99991231	54822	TEW
10101	99991231	03011	TEX
10101	99991231	25714	TGA
10101	99991231	13856	TGE
10101	99991231	93778	THV
10101	99991231	94087	TIF
10101	99991231	13919	TIK
10101	99991231	04896	TIP
10101	99991231	94274	TIW
10101	99991231	12898	TIX
19920903	20040201	11630	TJNR
20040202	20081022	11630	TJNR
10101	99991231	26528	TKA
10101	99991231	54931	TKC
10101	99991231	53914	TKI
10101	99991231	54953	TKV
10101	99991231	26626	TLA
10101	99991231	93805	TLH
10101	99991231	26536	TLJ
10101	99991231	03979	TLX
10101	99991231	12888	TMB
10101	99991231	93861	TMV
10101	99991231	63819	TNB
10101	99991231	26634	TNC
10101	99991231	04977	TNU
10101	99991231	03191	TNX
10101	99991231	03122	TOA
10101	99991231	04978	TOB
10101	99991231	25629	TOG
10101	99991231	03878	TOI
10101	99991231	94830	TOL
10101	99991231	13996	TOP
10101	99991231	94053	TOR
10101	99991231	12842	TPA
10101	99991231	92825	TPF
10101	99991231	23153	TPH
10101	99991231	93984	TPL
10101	99991231	26546	TPO
10101	99991231	94978	TQE
10101	99991231	53956	TQH
10101	99991231	13877	TRI
19660101	99991231	93201	TRK
10101	99991231	53911	TRL
10101	99991231	03104	TRM
10101	99991231	25337	TRP
10101	99991231	26405	TSG
10101	99991231	03723	TTA
10101	99991231	24242	TTD
10101	99991231	54823	TTF
10101	99991231	24240	TTI
10101	99991231	14792	TTN
19930610	99991231	12886	TTS
10101	99991231	46406	TTW
10101	99991231	13968	TUL
10101	99991231	73804	TUP
10101	99991231	93862	TUP
10101	99991231	23160	TUS
10101	99991231	14850	TVC
10101	99991231	94956	TVF
10101	99991231	93230	TVL
10101	99991231	03996	TVR
10101	99991231	94178	TWF
10101	99991231	04979	TWM
10101	99991231	13977	TXK
10101	99991231	13972	TYR
10101	99991231	13891	TYS
10101	99991231	63825	TZR
19910601	19980801	94194	U11
19980922	19981008	04114	U15
10101	99991231	94183	U16
10101	99991231	03175	U17
19730619	19740404	24138	U18
10101	99991231	93132	U28
10101	99991231	93126	U31
10101	99991231	04116	U42
10101	99991231	24084	U66
10101	99991231	94029	U71
19961226	19970301	04110	U73
10101	99991231	94184	U78
19970129	99991231	94281	UAO
10101	99991231	27408	UBW
10101	99991231	94794	UCA
10101	99991231	03133	UCC
10101	99991231	63820	UCY
10101	99991231	03742	UDG
10101	99991231	04897	UES
19990901	99991231	14880	UGN
10101	99991231	94240	UIL
10101	99991231	93989	UIN
10101	99991231	63821	UKF
10101	99991231	23275	UKI
10101	99991231	64753	UKT
10101	99991231	04980	ULM
10101	99991231	26414	UMM
10101	99991231	03946	UMN
10101	99991231	26508	UMT
10101	99991231	26627	UNK
10101	99991231	53901	UNO
10101	99991231	25621	UNS
10101	99991231	04898	UNU
10101	99991231	54739	UNV
10101	99991231	53806	UOX
10101	99991231	23903	UTA
10101	99991231	26535	UTO
19970203	99991231	53903	UTS
19960422	99991231	26560	UUO
10101	99991231	14787	UUU
10101	99991231	12985	UVA
10101	99991231	53871	UZA
10101	99991231	13857	VAD
10101	99991231	93780	VAY
10101	99991231	93214	VBG
10101	99991231	03978	VBT
19981015	99991231	93241	VCB
10101	99991231	12912	VCT
10101	99991231	23131	VCV
10101	99991231	92816	VDF
10101	99991231	63822	VDI
10101	99991231	26479	VDZ
19640516	19691211	26442	VDZ
19710204	19721011	26442	VDZ
10101	99991231	94030	VEL
10101	99991231	53123	VGT
10101	99991231	13997	VIH
10101	99991231	93144	VIS
10101	99991231	53818	VJI
10101	99991231	93999	VKS
10101	99991231	03838	VLA
10101	99991231	93845	VLD
10101	99991231	93143	VLE
10101	99991231	54829	VLL
10101	99991231	12825	VNC
10101	99991231	23248	VNL
10101	99991231	23130	VNY
10101	99991231	94930	VOK
10101	99991231	53873	VPC
10101	99991231	13858	VPS
10101	99991231	04846	VPZ
10101	99991231	63823	VQQ
10101	99991231	11649	VQS
10101	99991231	12843	VRB
10101	99991231	54740	VSF
10101	99991231	04858	VTA
10101	99991231	04981	VTI
10101	99991231	24032	VTN
10101	99991231	03042	VTP
10101	99991231	63824	VUJ
19980101	99991231	94298	VUO
10101	99991231	92817	VVG
10101	99991231	93795	VVS
10101	99991231	04982	VVV
19750108	99991231	26442	VWS
10101	99991231	04983	VWU
10101	99991231	04899	VYS
10101	99991231	63832	W22
10101	99991231	13796	W30
10101	99991231	04221	W39
19950301	19960101	93775	W83
10101	99991231	03725	W99
10101	99991231	26618	WAA
10101	99991231	93739	WAL
10101	99991231	26480	WCR
10101	99991231	53986	WDG
10101	99991231	03832	WDR
10101	99991231	24198	WEY
10101	99991231	53130	WHP
10101	99991231	03159	WJF
10101	99991231	13932	WLD
10101	99991231	26558	WLK
10101	99991231	24128	WMC
10101	99991231	26630	WMO
10101	99991231	13860	WRB
10101	99991231	25338	WRG
10101	99991231	14706	WRI
10101	99991231	24062	WRL
10101	99991231	26511	WSM
10101	99991231	14794	WST
10101	99991231	26648	WTK
10101	99991231	23277	WVI
10101	99991231	14615	WVL
10101	99991231	03726	WWD
10101	99991231	53957	WWR
10101	99991231	94163	WYS
19950524	19960101	92802	X41
10101	99991231	12872	X53
19780301	19930610	12886	X68
10101	99991231	12891	X85
10101	99991231	53976	XBP
10101	99991231	14917	XGF
10101	99991231	12868	XMR
10101	99991231	53922	XNA
10101	99991231	04984	XVG
10101	99991231	24052	Y22
10101	99991231	24053	Y26
19800702	19900114	94965	Y69
10101	99991231	25339	YAK
10101	99991231	14853	YIP
10101	99991231	24243	YKM
10101	99991231	94911	YKN
10101	99991231	14852	YNG
10101	99991231	23195	YUM
10101	99991231	24169	YWE
19771107	19930607	26560	Z22
19931010	19960422	26560	Z22
19730621	19980605	25323	Z26
19831201	19991015	25348	Z76
10101	99991231	26525	ZNC
10101	99991231	93044	ZUN
10101	99991231	93824	ZZV
